2024-09-16 15:03:39,23.5,72.0,221
2024-09-16 15:03:44,24.1,72.0,238
2024-09-16 15:03:48,21.8,71.0,231
2024-09-16 15:03:52,24.1,72.0,225
2024-09-16 15:03:56,23.8,72.0,232
2024-09-16 15:04:02,24.0,72.0,231
2024-09-16 15:04:06,23.6,72.0,231
2024-09-16 15:04:10,24.6,72.0,226
2024-09-16 15:04:14,24.4,72.0,191
2024-09-16 15:04:18,24.0,72.0,223
2024-09-16 15:04:22,24.4,72.0,210
2024-09-16 15:04:26,23.7,72.0,214
2024-09-16 15:04:30,24.1,72.0,222
2024-09-16 15:04:34,24.9,72.0,218
2024-09-16 15:04:38,23.8,72.0,215
2024-09-16 15:04:42,24.0,72.0,220
2024-09-16 15:04:46,24.9,72.0,221
2024-09-16 15:04:50,23.5,72.0,228
2024-09-16 15:04:54,24.3,72.0,229
2024-09-16 15:04:58,24.2,72.0,217
2024-09-16 15:05:02,24.3,72.0,228
2024-09-16 15:05:07,24.0,72.0,227
2024-09-16 15:05:11,23.0,72.0,222
2024-09-16 15:05:15,24.3,72.0,225
2024-09-16 15:05:21,22.5,71.0,231
2024-09-16 15:05:25,22.3,72.0,210
2024-09-16 15:05:29,23.0,72.0,223
2024-09-16 15:05:33,24.0,72.0,226
2024-09-16 15:05:37,24.0,72.0,227
2024-09-16 15:05:41,24.3,71.0,225
2024-09-16 15:05:45,23.6,71.0,242
2024-09-16 15:05:49,24.3,72.0,224
2024-09-16 15:05:53,24.8,72.0,226
2024-09-16 15:05:57,24.4,72.0,231
2024-09-16 15:06:01,23.9,72.0,227
2024-09-16 15:06:05,24.2,72.0,227
2024-09-16 15:06:09,24.0,72.0,230
2024-09-16 15:06:13,24.0,72.0,221
2024-09-16 15:06:17,23.9,72.0,228
2024-09-16 15:06:21,23.4,72.0,230
2024-09-16 15:06:26,24.0,72.0,216
2024-09-16 15:06:30,23.9,72.0,228
2024-09-16 15:06:34,24.2,72.0,229
2024-09-16 15:06:38,23.8,72.0,224
2024-09-16 15:06:42,22.8,72.0,213
2024-09-16 15:06:46,23.7,72.0,230
2024-09-16 15:06:50,22.6,72.0,222
2024-09-16 15:06:54,24.0,72.0,228
2024-09-16 15:06:58,23.2,72.0,222
2024-09-16 15:07:03,24.3,72.0,223
2024-09-16 15:07:07,24.2,72.0,224
2024-09-16 15:07:11,24.0,72.0,223
2024-09-16 15:07:17,24.0,72.0,210
2024-09-16 15:07:21,24.0,72.0,227
2024-09-16 15:07:25,23.9,72.0,231
2024-09-16 15:07:29,24.6,72.0,213
2024-09-16 15:07:33,24.3,72.0,230
2024-09-16 15:07:37,23.1,72.0,222
2024-09-16 15:07:41,24.4,72.0,223
2024-09-16 15:07:45,24.2,72.0,221
2024-09-16 15:07:49,23.5,72.0,221
2024-09-16 15:07:53,24.4,72.0,218
2024-09-16 15:07:58,23.9,72.0,212
2024-09-16 15:08:02,23.7,71.0,228
2024-09-16 15:08:06,22.5,71.0,227
2024-09-16 15:08:10,24.4,72.0,220
2024-09-16 15:08:14,24.1,72.0,221
2024-09-16 15:08:18,24.7,72.0,223
2024-09-16 15:08:22,24.6,72.0,218
2024-09-16 15:08:27,24.1,72.0,229
2024-09-16 15:08:31,23.5,72.0,222
2024-09-16 15:08:35,24.5,72.0,214
2024-09-16 15:08:39,24.5,71.0,221
2024-09-16 15:08:43,24.5,71.0,230
2024-09-16 15:08:47,23.8,71.0,230
2024-09-16 15:08:51,23.8,71.0,213
2024-09-16 15:08:55,24.8,71.0,220
2024-09-16 15:09:00,24.0,71.0,229
2024-09-16 15:09:04,23.8,71.0,230
2024-09-16 15:09:08,23.9,71.0,217
2024-09-16 15:09:12,24.1,71.0,220
2024-09-16 15:09:16,24.6,71.0,230
2024-09-16 15:09:22,23.6,71.0,215
2024-09-16 15:09:26,22.4,71.0,226
2024-09-16 15:09:30,23.6,71.0,220
2024-09-16 15:09:34,24.0,71.0,231
2024-09-16 15:09:38,23.3,71.0,226
2024-09-16 15:09:42,24.2,71.0,221
2024-09-16 15:09:46,23.8,71.0,238
2024-09-16 15:09:50,24.1,72.0,212
2024-09-16 15:09:54,24.1,71.0,229
2024-09-16 15:09:58,24.3,72.0,222
2024-09-16 15:10:03,24.4,71.0,227
2024-09-16 15:10:07,24.5,71.0,218
2024-09-16 15:10:11,24.1,72.0,237
2024-09-16 15:10:15,23.5,72.0,228
2024-09-16 15:10:19,25.0,72.0,216
2024-09-16 15:10:23,24.0,72.0,234
2024-09-16 15:10:29,24.2,72.0,216
2024-09-16 15:10:33,24.4,72.0,231
2024-09-16 15:10:37,23.1,72.0,228
2024-09-16 15:10:41,24.3,72.0,228
2024-09-16 15:10:45,24.9,72.0,221
2024-09-16 15:10:49,24.0,72.0,234
2024-09-16 15:10:53,23.7,71.0,224
2024-09-16 15:10:57,24.9,72.0,224
2024-09-16 15:11:01,23.4,71.0,225
2024-09-16 15:11:05,24.2,71.0,216
2024-09-16 15:11:10,23.9,71.0,232
2024-09-16 15:11:15,24.5,71.0,213
2024-09-16 15:11:19,23.8,71.0,225
2024-09-16 15:11:23,23.2,71.0,221
2024-09-16 15:11:27,20.8,69.0,230
2024-09-16 15:11:31,24.5,71.0,214
2024-09-16 15:11:39,22.5,71.0,223
2024-09-16 15:11:43,24.0,71.0,228
2024-09-16 15:11:47,23.0,71.0,219
2024-09-16 15:11:51,23.9,71.0,233
2024-09-16 15:11:55,25.6,71.0,214
2024-09-16 15:11:59,24.6,71.0,225
2024-09-16 15:12:03,23.4,71.0,215
2024-09-16 15:12:07,22.6,72.0,223
2024-09-16 15:12:11,24.7,72.0,230
2024-09-16 15:12:15,24.0,72.0,215
2024-09-16 15:12:19,24.0,72.0,219
2024-09-16 15:12:23,24.6,72.0,225
2024-09-16 15:12:27,23.9,71.0,216
2024-09-16 15:12:31,24.0,72.0,216
2024-09-16 15:12:35,24.0,71.0,229
2024-09-16 15:12:39,25.2,71.0,221
2024-09-16 15:12:43,24.1,71.0,217
2024-09-16 15:12:47,24.9,71.0,217
2024-09-16 15:12:51,24.0,71.0,222
2024-09-16 15:12:55,24.7,71.0,225
2024-09-16 15:12:59,24.0,71.0,219
2024-09-16 15:13:03,23.5,72.0,216
2024-09-16 15:13:07,21.8,71.0,229
2024-09-16 15:13:11,23.9,73.0,227
2024-09-16 15:13:15,25.1,72.0,213
2024-09-16 15:13:19,23.9,72.0,221
2024-09-16 15:13:23,23.8,72.0,232
2024-09-16 15:13:27,24.4,73.0,220
2024-09-16 15:13:31,24.4,72.0,216
2024-09-16 15:13:35,23.7,72.0,222
2024-09-16 15:13:39,23.9,72.0,229
2024-09-16 15:13:43,23.5,72.0,212
2024-09-16 15:13:47,23.0,72.0,221
2024-09-16 15:13:52,23.8,72.0,226
2024-09-16 15:13:56,24.1,72.0,225
2024-09-16 15:14:02,24.7,72.0,210
2024-09-16 15:14:06,24.1,72.0,219
2024-09-16 15:14:10,23.9,72.0,234
2024-09-16 15:14:14,24.2,72.0,218
2024-09-16 15:14:18,24.1,72.0,224
2024-09-16 15:14:22,24.1,71.0,235
2024-09-16 15:14:26,25.0,71.0,230
2024-09-16 15:14:30,24.2,71.0,221
2024-09-16 15:14:34,24.1,71.0,216
2024-09-16 15:14:38,24.2,71.0,213
2024-09-16 15:14:42,24.6,71.0,229
2024-09-16 15:14:46,22.4,71.0,226
2024-09-16 15:14:50,23.6,71.0,225
2024-09-16 15:14:55,24.2,71.0,226
2024-09-16 15:14:59,24.7,71.0,228
2024-09-16 15:15:03,24.3,71.0,223
2024-09-16 15:15:07,24.6,71.0,221
2024-09-16 15:15:11,22.5,71.0,228
2024-09-16 15:15:15,24.2,71.0,219
2024-09-16 15:15:19,24.9,71.0,226
2024-09-16 15:15:23,23.3,71.0,224
2024-09-16 15:15:27,22.8,71.0,216
2024-09-16 15:15:32,24.2,71.0,198
2024-09-16 15:15:36,25.0,71.0,215
2024-09-16 15:15:40,24.0,71.0,230
2024-09-16 15:15:46,24.2,71.0,229
2024-09-16 15:15:50,24.4,71.0,209
2024-09-16 15:15:54,24.2,71.0,231
2024-09-16 15:15:58,24.0,71.0,221
2024-09-16 15:16:02,23.6,71.0,232
2024-09-16 15:16:06,23.7,71.0,194
2024-09-16 15:16:10,25.2,71.0,211
2024-09-16 15:16:14,24.3,71.0,227
2024-09-16 15:16:18,23.9,71.0,219
2024-09-16 15:16:22,24.7,71.0,226
2024-09-16 15:16:27,24.5,71.0,230
2024-09-16 15:16:31,24.8,71.0,219
2024-09-16 15:16:35,24.3,71.0,233
2024-09-16 15:16:39,23.9,71.0,223
2024-09-16 15:16:43,24.2,71.0,231
2024-09-16 15:16:47,22.7,71.0,222
2024-09-16 15:16:51,24.8,71.0,230
2024-09-16 15:16:56,24.0,71.0,228
2024-09-16 15:17:00,23.7,71.0,222
2024-09-16 15:17:04,24.2,71.0,233
2024-09-16 15:17:09,23.7,71.0,222
2024-09-16 15:17:13,24.5,71.0,230
2024-09-16 15:17:17,24.6,71.0,223
2024-09-16 15:17:21,23.9,71.0,236
2024-09-16 15:17:25,23.9,71.0,224
2024-09-16 15:17:29,24.1,71.0,225
2024-09-16 15:17:33,24.6,71.0,222
2024-09-16 15:17:37,24.2,71.0,233
2024-09-16 15:17:41,23.6,70.0,233
2024-09-16 15:17:45,24.1,70.0,230
2024-09-16 15:17:50,24.2,71.0,217
2024-09-16 15:17:54,24.6,71.0,231
2024-09-16 15:17:58,23.1,71.0,224
2024-09-16 15:18:03,24.2,71.0,224
2024-09-16 15:18:07,21.3,70.0,247
2024-09-16 15:18:11,24.4,71.0,232
2024-09-16 15:18:15,24.2,70.0,226
2024-09-16 15:18:19,24.2,71.0,223
2024-09-16 15:18:24,24.2,71.0,233
2024-09-16 15:18:28,24.4,71.0,223
2024-09-16 15:18:32,24.3,70.0,226
2024-09-16 15:18:36,23.8,70.0,237
2024-09-16 15:18:40,24.4,71.0,217
2024-09-16 15:18:44,24.8,70.0,240
2024-09-16 15:18:48,24.1,70.0,223
2024-09-16 15:18:52,24.1,71.0,229
2024-09-16 15:18:57,24.2,71.0,227
2024-09-16 15:19:01,24.4,71.0,222
2024-09-16 15:19:05,24.1,71.0,221
2024-09-16 15:19:09,24.3,71.0,220
2024-09-16 15:19:13,25.9,71.0,215
2024-09-16 15:19:17,23.9,71.0,243
2024-09-16 15:19:21,23.8,71.0,221
2024-09-16 15:19:27,24.3,71.0,234
2024-09-16 15:19:31,23.7,71.0,223
2024-09-16 15:19:35,25.1,71.0,229
2024-09-16 15:19:39,23.7,71.0,220
2024-09-16 15:19:43,23.8,71.0,217
2024-09-16 15:19:47,23.8,71.0,230
2024-09-16 15:19:51,24.0,71.0,245
2024-09-16 15:19:56,24.8,71.0,227
2024-09-16 15:20:00,23.2,71.0,228
2024-09-16 15:20:04,23.7,71.0,229
2024-09-16 15:20:08,28.0,73.0,223
2024-09-16 15:20:12,23.6,70.0,226
2024-09-16 15:20:16,25.0,71.0,227
2024-09-16 15:20:20,23.1,71.0,233
2024-09-16 15:20:24,24.3,71.0,235
2024-09-16 15:20:28,24.0,71.0,238
2024-09-16 15:20:35,24.7,71.0,225
2024-09-16 15:20:39,24.5,71.0,226
2024-09-16 15:20:43,23.9,71.0,223
2024-09-16 15:20:47,24.1,72.0,222
2024-09-16 15:20:51,24.1,71.0,218
2024-09-16 15:20:55,24.7,71.0,228
2024-09-16 15:20:59,22.4,71.0,234
2024-09-16 15:21:03,24.1,71.0,234
2024-09-16 15:21:07,24.7,71.0,218
2024-09-16 15:21:11,23.5,71.0,226
2024-09-16 15:21:15,23.9,71.0,223
2024-09-16 15:21:20,24.1,71.0,233
2024-09-16 15:21:24,24.3,71.0,231
2024-09-16 15:21:28,23.3,71.0,215
2024-09-16 15:21:32,23.8,71.0,219
2024-09-16 15:21:36,24.0,71.0,229
2024-09-16 15:21:40,24.2,71.0,238
2024-09-16 15:21:44,25.8,70.0,221
2024-09-16 15:21:48,24.3,71.0,229
2024-09-16 15:21:52,24.2,71.0,228
2024-09-16 15:21:56,24.1,71.0,233
2024-09-16 15:22:00,24.2,71.0,228
2024-09-16 15:22:04,24.0,71.0,235
2024-09-16 15:22:08,24.3,71.0,229
2024-09-16 15:22:12,24.3,71.0,238
2024-09-16 15:22:18,24.7,71.0,231
2024-09-16 15:22:22,24.7,71.0,224
2024-09-16 15:22:26,23.0,71.0,239
2024-09-16 15:22:30,24.1,71.0,243
2024-09-16 15:22:34,24.2,72.0,227
2024-09-16 15:22:38,24.2,72.0,237
2024-09-16 15:22:42,24.0,72.0,238
2024-09-16 15:22:46,24.8,72.0,233
2024-09-16 15:22:50,23.9,71.0,232
2024-09-16 15:22:54,23.8,71.0,235
2024-09-16 15:22:58,24.2,72.0,230
2024-09-16 15:23:02,24.2,72.0,231
2024-09-16 15:23:06,24.5,72.0,233
2024-09-16 15:23:12,24.5,72.0,221
2024-09-16 15:23:16,23.9,71.0,227
2024-09-16 15:23:20,23.8,71.0,241
2024-09-16 15:23:24,23.6,71.0,235
2024-09-16 15:23:28,24.0,71.0,235
2024-09-16 15:23:32,24.4,71.0,221
2024-09-16 15:23:36,24.1,71.0,226
2024-09-16 15:23:40,24.5,71.0,228
2024-09-16 15:23:44,24.5,71.0,224
2024-09-16 15:23:48,24.6,71.0,224
2024-09-16 15:23:53,24.0,71.0,227
2024-09-16 15:23:57,23.0,71.0,230
2024-09-16 15:24:02,23.5,71.0,237
2024-09-16 15:24:06,24.2,71.0,241
2024-09-16 15:24:10,24.8,71.0,239
2024-09-16 15:24:14,24.0,71.0,240
2024-09-16 15:24:18,23.9,71.0,254
2024-09-16 15:24:22,23.8,71.0,241
2024-09-16 15:24:26,24.0,71.0,245
2024-09-16 15:24:30,24.8,71.0,234
2024-09-16 15:24:34,23.2,71.0,234
2024-09-16 15:24:38,23.9,71.0,236
2024-09-16 15:24:43,24.0,71.0,240
2024-09-16 15:24:47,24.3,71.0,230
2024-09-16 15:24:51,24.4,71.0,236
2024-09-16 15:24:55,23.6,71.0,237
2024-09-16 15:24:59,24.3,71.0,244
2024-09-16 15:25:03,23.9,71.0,243
2024-09-16 15:25:08,24.7,71.0,234
2024-09-16 15:25:14,24.2,71.0,229
2024-09-16 15:25:18,23.7,71.0,223
2024-09-16 15:25:22,24.4,71.0,232
2024-09-16 15:25:26,23.7,71.0,241
2024-09-16 15:25:30,24.7,71.0,235
2024-09-16 15:25:34,24.6,71.0,221
2024-09-16 15:25:38,23.9,71.0,230
2024-09-16 15:25:42,24.0,71.0,242
2024-09-16 15:25:46,24.1,71.0,240
2024-09-16 15:25:50,24.5,71.0,224
2024-09-16 15:25:54,23.5,71.0,225
2024-09-16 15:25:58,25.0,71.0,226
2024-09-16 15:26:03,24.1,71.0,234
2024-09-16 15:26:07,22.3,71.0,236
2024-09-16 15:26:11,24.2,71.0,239
2024-09-16 15:26:15,24.3,70.0,231
2024-09-16 15:26:19,25.1,71.0,225
2024-09-16 15:26:24,24.3,70.0,235
2024-09-16 15:26:28,22.1,71.0,253
2024-09-16 15:26:33,24.4,71.0,246
2024-09-16 15:26:37,24.7,71.0,221
2024-09-16 15:26:41,24.5,71.0,233
2024-09-16 15:26:45,23.0,71.0,242
2024-09-16 15:26:49,22.5,71.0,230
2024-09-16 15:26:53,24.4,71.0,244
2024-09-16 15:26:57,24.4,71.0,223
2024-09-16 15:27:02,20.9,69.0,232
2024-09-16 15:27:06,23.4,71.0,235
2024-09-16 15:27:10,24.0,71.0,237
2024-09-16 15:27:14,23.9,71.0,242
2024-09-16 15:29:59,23.6,71.0,236
2024-09-16 15:30:04,23.8,71.0,237
2024-09-16 15:30:08,24.0,71.0,231
2024-09-16 15:30:13,22.8,71.0,222
2024-09-16 15:30:17,22.3,71.0,228
2024-09-16 15:30:21,25.0,71.0,238
2024-09-16 15:30:25,23.0,71.0,228
2024-09-16 15:30:29,25.2,71.0,234
2024-09-16 15:30:34,24.0,71.0,237
2024-09-16 15:30:38,24.0,71.0,237
2024-09-16 15:30:42,22.6,71.0,248
2024-09-16 15:30:46,24.3,71.0,226
2024-09-16 15:30:50,24.0,71.0,224
2024-09-16 15:30:54,23.9,71.0,234
2024-09-16 15:30:58,23.3,71.0,235
2024-09-16 15:31:02,23.3,71.0,236
2024-09-16 15:31:06,24.1,71.0,227
2024-09-16 15:31:11,24.2,71.0,225
2024-09-16 15:31:15,24.0,71.0,231
2024-09-16 15:31:19,23.9,71.0,236
2024-09-16 15:31:23,24.3,71.0,249
2024-09-16 15:31:27,24.1,71.0,243
2024-09-16 15:31:33,24.0,71.0,235
2024-09-16 15:31:37,23.9,71.0,233
2024-09-16 15:31:41,24.0,71.0,238
2024-09-16 15:31:45,24.2,71.0,229
2024-09-16 15:31:49,24.6,71.0,229
2024-09-16 15:31:53,23.9,71.0,234
2024-09-16 15:31:57,23.2,72.0,236
2024-09-16 15:32:01,24.0,71.0,241
2024-09-16 15:32:05,24.9,71.0,229
2024-09-16 15:32:09,24.3,71.0,234
2024-09-16 15:32:13,23.6,71.0,236
2024-09-16 15:32:17,24.4,71.0,239
2024-09-16 15:32:21,24.0,71.0,222
2024-09-16 15:32:25,24.0,71.0,229
2024-09-16 15:32:29,24.1,72.0,235
2024-09-16 15:32:35,23.9,72.0,238
2024-09-16 15:32:39,24.4,71.0,227
2024-09-16 15:32:43,23.9,71.0,235
2024-09-16 15:32:47,23.9,71.0,247
2024-09-16 15:32:51,23.8,71.0,237
2024-09-16 15:32:56,24.7,71.0,232
2024-09-16 15:33:00,23.9,71.0,236
2024-09-16 15:33:04,23.6,72.0,232
2024-09-16 15:33:08,24.6,72.0,248
2024-09-16 15:33:12,24.4,71.0,234
2024-09-16 15:33:16,24.0,71.0,232
2024-09-16 15:33:20,24.2,71.0,237
2024-09-16 15:33:26,24.5,71.0,237
2024-09-16 15:33:30,24.4,71.0,248
2024-09-16 15:33:34,22.9,71.0,237
2024-09-16 15:33:38,24.4,71.0,241
2024-09-16 15:33:42,24.5,71.0,238
2024-09-16 15:33:46,24.5,71.0,241
2024-09-16 15:33:50,24.3,71.0,245
2024-09-16 15:33:54,24.4,71.0,250
2024-09-16 15:33:58,24.1,71.0,234
2024-09-16 15:34:02,24.1,71.0,231
2024-09-16 15:34:07,23.6,71.0,237
2024-09-16 15:34:11,23.5,71.0,249
2024-09-16 15:34:15,23.7,71.0,250
2024-09-16 15:34:19,24.1,71.0,227
2024-09-16 15:34:23,22.9,71.0,227
2024-09-16 15:34:27,24.0,72.0,241
2024-09-16 15:34:32,24.1,72.0,241
2024-09-16 15:34:38,22.8,71.0,238
2024-09-16 15:34:42,24.4,72.0,172
2024-09-16 15:34:46,23.8,72.0,236
2024-09-16 15:34:50,23.8,72.0,233
2024-09-16 15:34:54,23.5,72.0,236
2024-09-16 15:34:58,23.3,72.0,242
2024-09-16 15:35:02,24.3,72.0,247
2024-09-16 15:35:06,23.7,72.0,236
2024-09-16 15:35:10,24.3,72.0,232
2024-09-16 15:35:14,24.2,72.0,245
2024-09-16 15:35:18,24.0,72.0,241
2024-09-16 15:35:22,24.7,72.0,228
2024-09-16 15:35:26,24.2,72.0,245
2024-09-16 15:35:30,24.3,72.0,245
2024-09-16 15:35:34,24.0,72.0,233
2024-09-16 15:35:38,23.9,72.0,241
2024-09-16 15:35:42,23.8,72.0,245
2024-09-16 15:35:46,24.7,72.0,247
2024-09-16 15:35:50,24.3,72.0,234
2024-09-16 15:35:54,24.1,72.0,245
2024-09-16 15:35:58,22.7,72.0,256
2024-09-16 15:36:03,23.6,72.0,244
2024-09-16 15:36:07,24.6,72.0,226
2024-09-16 15:36:11,23.3,72.0,236
2024-09-16 15:36:16,22.4,72.0,247
2024-09-16 15:36:20,24.2,72.0,227
2024-09-16 15:36:24,24.0,72.0,251
2024-09-16 15:36:28,24.1,72.0,240
2024-09-16 15:36:32,24.4,72.0,224
2024-09-16 15:36:36,23.9,72.0,242
2024-09-16 15:36:41,24.1,72.0,234
2024-09-16 15:36:45,25.3,72.0,241
2024-09-16 15:36:49,24.1,72.0,237
2024-09-16 15:36:53,24.5,72.0,247
2024-09-16 15:36:57,24.1,72.0,224
2024-09-16 15:37:03,24.3,72.0,242
2024-09-16 15:37:07,22.4,72.0,236
2024-09-16 15:37:11,24.3,72.0,231
2024-09-16 15:37:15,24.4,72.0,240
2024-09-16 15:37:19,24.2,72.0,238
2024-09-16 15:37:23,23.7,72.0,226
2024-09-16 15:37:27,24.3,72.0,229
2024-09-16 15:37:31,23.7,72.0,241
2024-09-16 15:37:35,24.3,72.0,235
2024-09-16 15:37:39,24.1,72.0,225
2024-09-16 15:37:43,23.6,72.0,237
2024-09-16 15:37:48,23.5,72.0,239
2024-09-16 15:37:52,23.5,72.0,247
2024-09-16 15:37:57,24.0,72.0,232
2024-09-16 15:38:01,25.0,72.0,228
2024-09-16 15:38:05,24.2,72.0,236
2024-09-16 15:38:09,23.6,72.0,224
2024-09-16 15:38:13,24.0,73.0,240
2024-09-16 15:38:17,22.7,73.0,242
2024-09-16 15:38:21,23.5,73.0,236
2024-09-16 15:38:25,24.1,73.0,246
2024-09-16 15:38:29,23.6,73.0,234
2024-09-16 15:38:33,23.6,73.0,239
2024-09-16 15:38:37,23.8,73.0,251
2024-09-16 15:38:43,24.3,73.0,233
2024-09-16 15:38:47,23.1,73.0,242
2024-09-16 15:38:51,23.5,73.0,240
2024-09-16 15:38:55,24.4,73.0,244
2024-09-16 15:38:59,23.6,73.0,230
2024-09-16 15:39:03,24.2,73.0,242
2024-09-16 15:39:07,24.8,73.0,233
2024-09-16 15:39:11,23.7,73.0,249
2024-09-16 15:39:15,23.5,73.0,234
2024-09-16 15:39:19,23.7,73.0,248
2024-09-16 15:39:23,24.4,73.0,226
2024-09-16 15:39:27,23.8,73.0,242
2024-09-16 15:39:31,23.5,73.0,245
2024-09-16 15:39:35,23.8,73.0,247
2024-09-16 15:39:40,23.6,73.0,244
2024-09-16 15:39:44,23.3,73.0,242
2024-09-16 15:39:48,24.3,73.0,241
2024-09-16 15:39:52,24.0,73.0,243
2024-09-16 15:39:56,23.4,73.0,233
2024-09-16 15:40:00,24.6,73.0,247
2024-09-16 15:40:06,24.0,73.0,233
2024-09-16 15:40:10,23.8,73.0,229
2024-09-16 15:40:14,24.0,73.0,241
2024-09-16 15:40:18,23.6,73.0,240
2024-09-16 15:40:22,23.9,73.0,240
2024-09-16 15:40:26,23.5,73.0,248
2024-09-16 15:40:30,24.0,73.0,235
2024-09-16 15:40:34,23.6,73.0,241
2024-09-16 15:40:38,24.0,73.0,248
2024-09-16 15:40:42,24.3,73.0,225
2024-09-16 15:40:46,24.0,73.0,260
2024-09-16 15:40:50,22.8,73.0,238
2024-09-16 15:40:54,23.3,73.0,244
2024-09-16 15:41:00,24.4,73.0,243
2024-09-16 15:41:04,23.8,73.0,231
2024-09-16 15:41:08,22.1,73.0,243
2024-09-16 15:41:12,23.8,73.0,247
2024-09-16 15:41:16,24.2,73.0,235
2024-09-16 15:41:20,23.2,73.0,232
2024-09-16 15:41:24,21.9,72.0,251
2024-09-16 15:41:28,23.2,73.0,240
2024-09-16 15:41:33,24.5,73.0,239
2024-09-16 15:41:37,23.5,73.0,232
2024-09-16 15:41:41,23.5,73.0,237
2024-09-16 15:41:45,22.4,73.0,245
2024-09-16 15:41:49,23.5,73.0,234
2024-09-16 15:41:55,24.3,73.0,240
2024-09-16 15:41:59,24.3,73.0,248
2024-09-16 15:42:03,23.8,73.0,246
2024-09-16 15:42:07,23.6,73.0,222
2024-09-16 15:42:11,23.9,73.0,226
2024-09-16 15:42:15,23.7,73.0,241
2024-09-16 15:42:19,22.7,73.0,242
2024-09-16 15:42:23,23.3,73.0,234
2024-09-16 15:42:27,23.2,73.0,250
2024-09-16 15:42:31,23.6,73.0,227
2024-09-16 15:42:35,24.2,73.0,228
2024-09-16 15:42:39,23.8,73.0,240
2024-09-16 15:42:43,22.7,73.0,242
2024-09-16 15:42:47,23.3,73.0,234
2024-09-16 15:42:53,23.6,73.0,224
2024-09-16 15:42:57,24.2,73.0,236
2024-09-16 15:43:01,23.6,73.0,240
2024-09-16 15:43:05,23.4,73.0,243
2024-09-16 15:43:09,23.3,73.0,240
2024-09-16 15:43:13,23.6,73.0,221
2024-09-16 15:43:17,24.3,73.0,228
2024-09-16 15:43:21,23.5,73.0,234
2024-09-16 15:43:25,23.5,73.0,242
2024-09-16 15:43:29,23.9,73.0,241
2024-09-16 15:43:33,23.8,73.0,228
2024-09-16 15:43:37,24.4,73.0,241
2024-09-16 15:43:41,23.2,73.0,239
2024-09-16 15:43:46,23.5,73.0,247
2024-09-16 15:43:50,23.1,73.0,229
2024-09-16 15:43:54,24.2,73.0,238
2024-09-16 15:43:58,23.3,73.0,239
2024-09-16 15:44:04,23.6,73.0,232
2024-09-16 15:44:08,23.5,73.0,246
2024-09-16 15:44:12,23.5,73.0,222
2024-09-16 15:44:16,24.1,73.0,238
2024-09-16 15:44:20,22.3,73.0,236
2024-09-16 15:44:24,23.5,73.0,239
2024-09-16 15:44:28,23.1,73.0,236
2024-09-16 15:44:32,23.9,73.0,231
2024-09-16 15:44:36,24.5,73.0,233
2024-09-16 15:44:41,23.4,73.0,241
2024-09-16 15:44:45,23.7,73.0,237
2024-09-16 15:44:49,23.6,73.0,244
2024-09-16 15:44:53,23.3,73.0,236
2024-09-16 15:44:57,24.3,73.0,227
2024-09-16 15:45:01,23.2,73.0,246
2024-09-16 15:45:05,23.6,73.0,241
2024-09-16 15:45:12,23.2,73.0,235
2024-09-16 15:45:17,23.8,74.0,220
2024-09-16 15:45:21,23.5,73.0,243
2024-09-16 15:45:25,23.5,73.0,234
2024-09-16 15:45:29,23.3,73.0,249
2024-09-16 15:45:33,23.9,73.0,255
2024-09-16 15:45:37,23.3,73.0,235
2024-09-16 15:45:41,24.3,73.0,231
2024-09-16 15:45:45,24.1,74.0,243
2024-09-16 15:45:49,23.0,74.0,246
2024-09-16 15:45:53,23.5,73.0,227
2024-09-16 15:45:57,24.0,73.0,247
2024-09-16 15:46:06,23.4,74.0,239
2024-09-16 15:46:10,23.2,74.0,243
2024-09-16 15:46:14,23.2,74.0,236
2024-09-16 15:46:18,23.9,74.0,229
2024-09-16 15:46:22,23.6,73.0,245
2024-09-16 15:46:26,23.7,74.0,240
2024-09-16 15:46:30,23.2,74.0,240
2024-09-16 15:46:34,23.7,74.0,238
2024-09-16 15:46:38,24.2,73.0,246
2024-09-16 15:46:42,23.4,73.0,239
2024-09-16 15:46:46,23.8,73.0,254
2024-09-16 15:46:50,23.4,73.0,223
2024-09-16 15:46:54,24.1,73.0,244
2024-09-16 15:47:03,23.3,73.0,247
2024-09-16 15:47:07,23.8,73.0,238
2024-09-16 15:47:11,23.7,74.0,241
2024-09-16 15:47:15,24.1,73.0,230
2024-09-16 15:47:19,23.3,74.0,262
2024-09-16 15:47:23,21.9,73.0,240
2024-09-16 15:47:27,23.4,74.0,235
2024-09-16 15:47:31,23.7,74.0,236
2024-09-16 15:47:35,24.3,73.0,245
2024-09-16 15:47:39,23.4,73.0,235
2024-09-16 15:47:43,23.1,74.0,250
2024-09-16 15:47:47,23.6,74.0,224
2024-09-16 15:47:56,24.0,74.0,243
2024-09-16 15:47:59,24.1,74.0,236
2024-09-16 15:48:03,23.9,73.0,246
2024-09-16 15:48:07,23.3,74.0,230
2024-09-16 15:48:11,24.3,74.0,258
2024-09-16 15:48:15,23.6,74.0,237
2024-09-16 15:48:19,21.6,73.0,233
2024-09-16 15:48:23,23.9,74.0,242
2024-09-16 15:48:27,23.4,74.0,241
2024-09-16 15:48:31,23.7,74.0,231
2024-09-16 15:48:35,23.6,74.0,240
2024-09-16 15:48:39,23.2,74.0,251
2024-09-16 15:48:44,23.5,74.0,246
2024-09-16 15:48:51,23.5,74.0,223
2024-09-16 15:48:55,23.1,74.0,248
2024-09-16 15:48:59,23.5,74.0,238
2024-09-16 15:49:03,23.2,74.0,233
2024-09-16 15:49:07,23.1,74.0,248
2024-09-16 15:49:11,23.1,74.0,233
2024-09-16 15:49:15,24.1,74.0,240
2024-09-16 15:49:19,23.7,74.0,234
2024-09-16 15:49:23,23.3,74.0,243
2024-09-16 15:49:27,23.0,74.0,234
2024-09-16 15:49:31,23.5,74.0,242
2024-09-16 15:49:35,23.7,73.0,224
2024-09-16 15:49:43,24.0,74.0,252
2024-09-16 15:49:47,23.4,74.0,245
2024-09-16 15:49:51,23.5,74.0,233
2024-09-16 15:49:55,23.5,74.0,244
2024-09-16 15:49:59,23.9,74.0,237
2024-09-16 15:50:03,22.6,74.0,249
2024-09-16 15:50:07,23.0,74.0,248
2024-09-16 15:50:11,23.5,74.0,235
2024-09-16 15:50:15,24.2,74.0,242
2024-09-16 15:50:19,22.8,74.0,233
2024-09-16 15:50:23,23.7,74.0,238
2024-09-16 15:50:27,23.0,74.0,240
2024-09-16 15:50:31,23.8,74.0,242
2024-09-16 15:50:39,23.3,74.0,233
2024-09-16 15:50:43,23.6,74.0,232
2024-09-16 15:50:47,23.8,74.0,248
2024-09-16 15:50:51,23.7,74.0,239
2024-09-16 15:50:55,24.1,74.0,236
2024-09-16 15:50:59,23.3,74.0,234
2024-09-16 15:51:03,22.6,74.0,230
2024-09-16 15:51:07,23.9,74.0,249
2024-09-16 15:51:11,23.8,74.0,226
2024-09-16 15:51:15,24.0,74.0,227
2024-09-16 15:51:19,23.4,74.0,253
2024-09-16 15:51:23,23.5,74.0,240
2024-09-16 15:51:31,23.2,74.0,229
2024-09-16 15:51:35,23.9,74.0,237
2024-09-16 15:51:39,22.9,74.0,227
2024-09-16 15:51:43,23.3,74.0,240
2024-09-16 15:51:47,22.3,74.0,237
2024-09-16 15:51:51,23.0,74.0,237
2024-09-16 15:51:55,24.0,74.0,243
2024-09-16 15:51:59,22.7,74.0,232
2024-09-16 15:52:03,23.7,74.0,247
2024-09-16 15:52:07,23.1,74.0,224
2024-09-16 15:52:11,24.1,74.0,235
2024-09-16 15:52:15,23.9,74.0,242
2024-09-16 15:52:19,23.3,74.0,232
2024-09-16 15:52:27,21.9,73.0,254
2024-09-16 15:52:31,23.7,74.0,233
2024-09-16 15:52:35,23.6,74.0,236
2024-09-16 15:52:39,23.7,74.0,224
2024-09-16 15:52:43,23.0,74.0,243
2024-09-16 15:52:47,23.3,74.0,239
2024-09-16 15:52:51,23.2,74.0,247
2024-09-16 15:52:55,23.8,74.0,235
2024-09-16 15:52:59,23.6,74.0,230
2024-09-16 15:53:03,23.3,74.0,241
2024-09-16 15:53:07,23.1,74.0,252
2024-09-16 15:53:11,23.2,74.0,237
2024-09-16 15:53:19,23.5,74.0,248
2024-09-16 15:53:23,24.1,74.0,230
2024-09-16 15:53:27,24.1,74.0,241
2024-09-16 15:53:31,22.7,74.0,254
2024-09-16 15:53:35,23.1,74.0,229
2024-09-16 15:53:39,24.0,74.0,235
2024-09-16 15:53:43,23.4,74.0,246
2024-09-16 15:53:47,22.7,74.0,240
2024-09-16 15:53:51,23.1,74.0,232
2024-09-16 15:53:55,24.1,74.0,244
2024-09-16 15:53:59,24.2,74.0,234
2024-09-16 15:54:03,22.5,74.0,244
2024-09-16 15:54:07,23.5,74.0,246
2024-09-16 15:54:15,23.9,74.0,223
2024-09-16 15:54:19,23.0,74.0,241
2024-09-16 15:54:23,23.3,74.0,241
2024-09-16 15:54:27,22.5,74.0,236
2024-09-16 15:54:31,23.5,74.0,231
2024-09-16 15:54:35,23.3,74.0,240
2024-09-16 15:54:39,23.3,74.0,233
2024-09-16 15:54:43,23.3,74.0,236
2024-09-16 15:54:47,23.7,74.0,251
2024-09-16 15:54:51,23.8,74.0,240
2024-09-16 15:54:55,24.0,74.0,230
2024-09-16 15:54:59,23.4,74.0,240
2024-09-16 15:55:07,22.4,74.0,249
2024-09-16 15:55:11,23.0,74.0,238
2024-09-16 15:55:15,24.0,74.0,255
2024-09-16 15:55:19,23.4,74.0,239
2024-09-16 15:55:23,23.0,74.0,230
2024-09-16 15:55:27,23.5,74.0,245
2024-09-16 15:55:31,23.7,74.0,238
2024-09-16 15:55:35,23.4,74.0,241
2024-09-16 15:55:39,23.4,74.0,244
2024-09-16 15:55:43,24.4,74.0,237
2024-09-16 15:55:47,23.9,74.0,250
2024-09-16 15:55:51,23.5,74.0,250
2024-09-16 15:55:55,23.2,74.0,247
2024-09-16 15:56:03,23.4,74.0,251
2024-09-16 15:56:07,23.1,74.0,237
2024-09-16 15:56:11,23.2,74.0,232
2024-09-16 15:56:15,23.8,74.0,243
2024-09-16 15:56:19,23.1,74.0,251
2024-09-16 15:56:23,23.3,74.0,256
2024-09-16 15:56:27,22.9,74.0,244
2024-09-16 15:56:31,24.0,74.0,247
2024-09-16 15:56:35,23.5,74.0,238
2024-09-16 15:56:39,22.5,74.0,243
2024-09-16 15:56:43,23.1,74.0,243
2024-09-16 15:56:47,24.2,74.0,249
2024-09-16 15:56:56,23.1,74.0,257
2024-09-16 15:57:00,23.6,74.0,244
2024-09-16 15:57:04,23.5,74.0,240
2024-09-16 15:57:08,23.4,74.0,224
2024-09-16 15:57:12,23.9,74.0,235
2024-09-16 15:57:16,23.5,74.0,244
2024-09-16 15:57:20,23.2,74.0,242
2024-09-16 15:57:24,22.9,74.0,239
2024-09-16 15:57:28,23.7,74.0,238
2024-09-16 15:57:32,23.7,74.0,235
2024-09-16 15:57:36,22.6,74.0,243
2024-09-16 15:57:40,23.4,74.0,229
2024-09-16 15:57:44,22.3,74.0,240
2024-09-16 15:57:52,23.9,74.0,230
2024-09-16 15:57:56,24.1,74.0,237
2024-09-16 15:58:00,23.3,74.0,242
2024-09-16 15:58:04,23.4,74.0,249
2024-09-16 15:58:08,22.0,74.0,228
2024-09-16 15:58:12,24.3,74.0,231
2024-09-16 15:58:16,22.5,74.0,232
2024-09-16 15:58:20,22.7,74.0,235
2024-09-16 15:58:24,23.5,74.0,238
2024-09-16 15:58:28,22.9,74.0,225
2024-09-16 15:58:32,23.9,74.0,225
2024-09-16 15:58:36,23.4,74.0,232
2024-09-16 15:58:40,22.9,74.0,236
2024-09-16 15:58:44,22.7,74.0,204
2024-09-16 15:58:48,22.4,74.0,230
2024-09-16 15:58:52,23.5,74.0,236
2024-09-16 15:58:56,24.8,74.0,203
2024-09-16 15:59:00,23.3,74.0,230
2024-09-16 15:59:04,22.2,74.0,242
2024-09-16 15:59:08,23.1,75.0,239
2024-09-16 15:59:12,23.9,74.0,233
2024-09-16 15:59:16,22.6,74.0,235
2024-09-16 15:59:20,22.9,74.0,242
2024-09-16 15:59:24,23.3,74.0,244
2024-09-16 15:59:28,24.0,74.0,234
2024-09-16 15:59:32,22.7,74.0,230
2024-09-16 15:59:36,23.2,74.0,240
2024-09-16 15:59:40,23.6,74.0,240
2024-09-16 15:59:44,21.8,73.0,245
2024-09-16 15:59:48,23.5,74.0,241
2024-09-16 15:59:52,23.9,74.0,247
2024-09-16 15:59:56,23.4,74.0,243
2024-09-16 16:00:00,23.3,75.0,236
2024-09-16 16:00:04,23.1,74.0,247
2024-09-16 16:00:08,23.2,74.0,239
2024-09-16 16:00:12,23.7,74.0,244
2024-09-16 16:00:16,21.4,73.0,242
2024-09-16 16:00:20,22.5,74.0,234
2024-09-16 16:00:24,22.8,75.0,243
2024-09-16 16:00:28,23.0,75.0,242
2024-09-16 16:00:32,23.6,74.0,244
2024-09-16 16:00:36,23.2,74.0,233
2024-09-16 16:00:40,21.4,73.0,246
2024-09-16 16:00:44,23.1,74.0,247
2024-09-16 16:00:48,23.5,74.0,224
2024-09-16 16:00:52,23.8,74.0,230
2024-09-16 16:00:56,23.4,74.0,235
2024-09-16 16:01:00,23.3,74.0,236
2024-09-16 16:01:04,23.7,74.0,236
2024-09-16 16:01:08,22.0,74.0,231
2024-09-16 16:01:12,23.9,74.0,231
2024-09-16 16:01:16,23.1,74.0,234
2024-09-16 16:01:20,23.5,74.0,236
2024-09-16 16:01:24,22.9,74.0,233
2024-09-16 16:01:28,23.5,74.0,235
2024-09-16 16:01:32,24.0,74.0,242
2024-09-16 16:01:36,22.6,74.0,240
2024-09-16 16:01:40,23.3,74.0,234
2024-09-16 16:01:44,22.3,74.0,237
2024-09-16 16:01:48,23.1,74.0,238
2024-09-16 16:01:52,22.5,74.0,232
2024-09-16 16:01:56,21.8,73.0,251
2024-09-16 16:02:00,23.0,74.0,241
2024-09-16 16:02:04,24.1,74.0,245
2024-09-16 16:02:08,23.1,74.0,246
2024-09-16 16:02:12,21.4,73.0,252
2024-09-16 16:02:16,23.3,74.0,245
2024-09-16 16:02:20,24.0,75.0,249
2024-09-16 16:02:24,23.4,74.0,245
2024-09-16 16:02:28,22.1,75.0,251
2024-09-16 16:02:32,23.3,75.0,251
2024-09-16 16:02:36,23.5,75.0,244
2024-09-16 16:02:40,24.0,74.0,247
2024-09-16 16:02:44,23.1,74.0,246
2024-09-16 16:02:48,24.0,74.0,240
2024-09-16 16:02:52,24.0,74.0,240
2024-09-16 16:02:56,23.5,74.0,235
2024-09-16 16:03:00,23.2,74.0,241
2024-09-16 16:03:04,23.2,74.0,229
2024-09-16 16:03:08,23.8,74.0,239
2024-09-16 16:03:12,24.3,74.0,250
2024-09-16 16:03:16,23.3,74.0,245
2024-09-16 16:03:20,24.1,74.0,241
2024-09-16 16:03:24,23.5,74.0,228
2024-09-16 16:03:28,23.5,74.0,228
2024-09-16 16:03:32,23.7,74.0,231
2024-09-16 16:03:36,23.3,73.0,237
2024-09-16 16:03:40,24.3,73.0,247
2024-09-16 16:03:44,23.2,73.0,239
2024-09-16 16:03:48,24.1,73.0,234
2024-09-16 16:03:52,23.4,73.0,240
2024-09-16 16:03:56,21.2,72.0,248
2024-09-16 16:04:00,23.4,74.0,233
2024-09-16 16:04:04,23.6,74.0,229
2024-09-16 16:04:08,24.0,74.0,238
2024-09-16 16:04:12,22.4,74.0,252
2024-09-16 16:04:16,23.4,74.0,220
2024-09-16 16:04:20,22.8,74.0,226
2024-09-16 16:04:24,23.5,74.0,237
2024-09-16 16:04:28,23.5,74.0,230
2024-09-16 16:04:32,24.0,74.0,225
2024-09-16 16:04:36,24.5,74.0,230
2024-09-16 16:04:40,25.7,74.0,232
2024-09-16 16:04:44,23.2,74.0,213
2024-09-16 16:04:48,24.5,74.0,238
2024-09-16 16:04:52,24.3,74.0,228
2024-09-16 16:04:56,23.6,73.0,237
2024-09-16 16:05:00,22.5,73.0,239
2024-09-16 16:05:04,23.6,73.0,236
2024-09-16 16:05:09,23.3,74.0,235
2024-09-16 16:05:13,23.8,74.0,220
2024-09-16 16:05:17,23.8,74.0,225
2024-09-16 16:05:21,23.4,74.0,231
2024-09-16 16:05:25,23.8,73.0,243
2024-09-16 16:05:29,23.1,73.0,231
2024-09-16 16:05:33,24.2,73.0,233
2024-09-16 16:05:37,23.3,73.0,232
2024-09-16 16:05:41,23.5,73.0,240
2024-09-16 16:05:45,23.9,73.0,253
2024-09-16 16:05:49,23.5,74.0,235
2024-09-16 16:05:53,24.2,74.0,237
2024-09-16 16:05:57,23.2,74.0,243
2024-09-16 16:06:01,23.9,74.0,244
2024-09-16 16:06:05,23.4,74.0,224
2024-09-16 16:06:09,24.3,74.0,226
2024-09-16 16:06:13,23.5,74.0,225
2024-09-16 16:06:17,23.6,74.0,230
2024-09-16 16:06:21,23.9,74.0,237
2024-09-16 16:06:25,23.0,74.0,224
2024-09-16 16:06:29,24.3,74.0,249
2024-09-16 16:06:33,24.1,74.0,240
2024-09-16 16:06:37,22.5,73.0,241
2024-09-16 16:06:41,23.5,73.0,239
2024-09-16 16:06:45,23.4,73.0,223
2024-09-16 16:06:49,23.5,73.0,226
2024-09-16 16:06:53,23.5,73.0,227
2024-09-16 16:06:57,22.4,73.0,232
2024-09-16 16:07:01,23.5,73.0,226
2024-09-16 16:07:05,24.3,73.0,247
2024-09-16 16:07:09,23.6,74.0,237
2024-09-16 16:07:13,23.7,73.0,243
2024-09-16 16:07:17,22.1,73.0,250
2024-09-16 16:07:21,23.7,74.0,232
2024-09-16 16:07:25,24.4,73.0,233
2024-09-16 16:07:29,23.2,73.0,233
2024-09-16 16:07:33,23.4,73.0,233
2024-09-16 16:07:37,24.4,73.0,229
2024-09-16 16:07:41,24.3,73.0,229
2024-09-16 16:07:45,23.5,74.0,237
2024-09-16 16:07:49,22.7,73.0,242
2024-09-16 16:07:53,23.4,73.0,242
2024-09-16 16:07:57,24.3,73.0,227
2024-09-16 16:08:01,23.6,73.0,226
2024-09-16 16:08:05,23.5,73.0,245
2024-09-16 16:08:09,23.6,73.0,242
2024-09-16 16:08:13,23.3,73.0,225
2024-09-16 16:08:17,24.3,73.0,231
2024-09-16 16:08:21,24.3,73.0,246
2024-09-16 16:08:25,22.7,73.0,230
2024-09-16 16:08:29,23.5,73.0,234
2024-09-16 16:08:33,23.6,73.0,220
2024-09-16 16:08:37,24.4,73.0,233
2024-09-16 16:08:41,23.8,73.0,242
2024-09-16 16:08:45,24.1,73.0,240
2024-09-16 16:08:49,24.6,73.0,231
2024-09-16 16:08:53,23.8,73.0,240
2024-09-16 16:08:57,23.6,73.0,246
2024-09-16 16:09:01,24.0,73.0,232
2024-09-16 16:09:05,23.3,73.0,224
2024-09-16 16:09:09,24.2,73.0,224
2024-09-16 16:09:13,23.4,73.0,230
2024-09-16 16:09:17,23.5,73.0,234
2024-09-16 16:09:21,23.5,73.0,231
2024-09-16 16:09:25,24.5,73.0,239
2024-09-16 16:09:29,23.6,73.0,234
2024-09-16 16:09:33,23.5,73.0,229
2024-09-16 16:09:37,23.5,73.0,233
2024-09-16 16:09:41,24.0,74.0,231
2024-09-16 16:09:45,24.1,74.0,236
2024-09-16 16:09:49,23.6,74.0,238
2024-09-16 16:09:53,23.7,74.0,243
2024-09-16 16:09:57,24.2,73.0,233
2024-09-16 16:10:01,22.4,73.0,244
2024-09-16 16:10:05,22.6,73.0,237
2024-09-16 16:10:09,23.5,73.0,239
2024-09-16 16:10:13,23.6,73.0,229
2024-09-16 16:10:17,24.5,73.0,233
2024-09-16 16:10:21,22.7,73.0,231
2024-09-16 16:10:25,23.5,73.0,227
2024-09-16 16:10:29,21.6,72.0,243
2024-09-16 16:10:33,24.1,74.0,234
2024-09-16 16:10:37,24.0,74.0,239
2024-09-16 16:10:41,21.8,73.0,243
2024-09-16 16:10:45,25.2,74.0,232
2024-09-16 16:10:50,24.3,74.0,239
2024-09-16 16:10:54,22.6,74.0,241
2024-09-16 16:10:58,22.5,74.0,246
2024-09-16 16:11:02,23.5,73.0,236
2024-09-16 16:11:06,22.5,73.0,224
2024-09-16 16:11:10,23.5,73.0,236
2024-09-16 16:11:16,24.1,73.0,247
2024-09-16 16:11:20,21.8,72.0,248
2024-09-16 16:11:24,24.0,73.0,235
2024-09-16 16:11:28,24.0,73.0,236
2024-09-16 16:11:32,22.6,73.0,239
2024-09-16 16:11:36,23.6,73.0,241
2024-09-16 16:11:40,23.7,73.0,235
2024-09-16 16:11:46,24.7,73.0,224
2024-09-16 16:11:51,25.0,73.0,231
2024-09-16 16:11:55,23.0,73.0,247
2024-09-16 16:11:59,23.7,73.0,244
2024-09-16 16:12:03,23.9,73.0,234
2024-09-16 16:12:07,24.2,73.0,228
2024-09-16 16:12:11,24.5,73.0,232
2024-09-16 16:12:15,24.0,73.0,239
2024-09-16 16:12:19,23.8,73.0,224
2024-09-16 16:12:23,24.5,73.0,234
2024-09-16 16:12:27,23.8,73.0,233
2024-09-16 16:12:31,23.8,73.0,231
2024-09-16 16:12:35,23.8,73.0,235
2024-09-16 16:12:39,24.6,73.0,226
2024-09-16 16:12:43,24.1,73.0,233
2024-09-16 16:12:47,22.9,73.0,237
2024-09-16 16:12:51,23.1,73.0,241
2024-09-16 16:12:55,24.4,73.0,230
2024-09-16 16:12:59,24.0,73.0,239
2024-09-16 16:13:04,24.0,73.0,244
2024-09-16 16:13:08,24.4,73.0,229
2024-09-16 16:13:12,23.6,73.0,234
2024-09-16 16:13:16,23.6,72.0,247
2024-09-16 16:13:20,24.7,73.0,235
2024-09-16 16:13:27,24.4,73.0,239
2024-09-16 16:13:31,24.4,73.0,237
2024-09-16 16:13:35,23.9,73.0,229
2024-09-16 16:13:39,22.9,73.0,242
2024-09-16 16:13:43,24.1,73.0,233
2024-09-16 16:13:47,24.0,73.0,243
2024-09-16 16:13:51,24.2,73.0,251
2024-09-16 16:13:55,23.7,72.0,244
2024-09-16 16:13:59,23.7,73.0,232
2024-09-16 16:14:03,24.4,73.0,227
2024-09-16 16:14:07,23.8,72.0,236
2024-09-16 16:14:11,24.1,73.0,248
2024-09-16 16:14:15,23.8,73.0,223
2024-09-16 16:14:19,23.2,73.0,233
2024-09-16 16:14:23,23.2,73.0,246
2024-09-16 16:14:27,23.5,73.0,242
2024-09-16 16:14:31,23.6,73.0,246
2024-09-16 16:14:35,24.2,73.0,221
2024-09-16 16:14:39,24.0,73.0,232
2024-09-16 16:14:43,23.5,73.0,239
2024-09-16 16:14:47,24.5,73.0,248
2024-09-16 16:14:51,24.0,72.0,239
2024-09-16 16:14:57,23.2,72.0,230
2024-09-16 16:15:01,23.5,72.0,236
2024-09-16 16:15:05,24.2,72.0,236
2024-09-16 16:15:09,22.9,73.0,234
2024-09-16 16:15:13,24.2,73.0,238
2024-09-16 16:15:17,23.3,72.0,230
2024-09-16 16:15:21,23.9,72.0,231
2024-09-16 16:15:25,23.2,72.0,238
2024-09-16 16:15:29,23.5,72.0,242
2024-09-16 16:15:33,24.0,72.0,220
2024-09-16 16:15:37,23.6,72.0,243
2024-09-16 16:15:41,24.0,72.0,236
2024-09-16 16:15:45,24.8,72.0,227
2024-09-16 16:15:49,23.5,72.0,241
2024-09-16 16:15:54,24.1,72.0,238
2024-09-16 16:15:58,23.5,72.0,221
2024-09-16 16:16:04,24.2,72.0,240
2024-09-16 16:16:08,22.7,72.0,232
2024-09-16 16:16:12,23.5,72.0,227
2024-09-16 16:16:16,24.2,72.0,224
2024-09-16 16:16:20,24.0,72.0,225
2024-09-16 16:16:24,23.5,72.0,241
2024-09-16 16:16:28,25.5,72.0,219
2024-09-16 16:16:32,24.2,72.0,234
2024-09-16 16:16:37,23.5,72.0,233
2024-09-16 16:16:41,22.0,73.0,229
2024-09-16 16:16:45,24.2,73.0,232
2024-09-16 16:16:49,24.2,73.0,236
2024-09-16 16:16:53,23.5,73.0,239
2024-09-16 16:16:57,23.5,72.0,238
2024-09-16 16:17:01,23.8,72.0,226
2024-09-16 16:17:05,24.3,72.0,234
2024-09-16 16:17:09,23.9,72.0,229
2024-09-16 16:17:15,24.1,72.0,248
2024-09-16 16:17:19,24.3,72.0,227
2024-09-16 16:17:23,24.1,72.0,226
2024-09-16 16:17:27,24.0,72.0,239
2024-09-16 16:17:31,24.5,72.0,233
2024-09-16 16:17:35,22.5,72.0,234
2024-09-16 16:17:39,22.8,72.0,228
2024-09-16 16:17:43,23.4,72.0,242
2024-09-16 16:17:47,24.3,72.0,222
2024-09-16 16:17:51,24.0,72.0,243
2024-09-16 16:17:55,24.1,72.0,222
2024-09-16 16:17:59,24.7,72.0,227
2024-09-16 16:18:03,22.9,72.0,233
2024-09-16 16:18:07,23.5,72.0,226
2024-09-16 16:18:13,23.6,72.0,237
2024-09-16 16:18:17,24.5,72.0,237
2024-09-16 16:18:21,24.3,72.0,235
2024-09-16 16:18:25,23.5,72.0,233
2024-09-16 16:18:29,23.8,72.0,229
2024-09-16 16:18:33,23.9,72.0,228
2024-09-16 16:18:37,24.6,72.0,218
2024-09-16 16:18:41,23.9,72.0,233
2024-09-16 16:18:45,23.9,72.0,229
2024-09-16 16:18:49,23.6,72.0,236
2024-09-16 16:18:53,24.5,72.0,220
2024-09-16 16:18:57,24.0,72.0,225
2024-09-16 16:19:01,23.4,72.0,237
2024-09-16 16:19:07,24.1,72.0,227
2024-09-16 16:19:11,23.7,72.0,220
2024-09-16 16:19:15,23.6,72.0,231
2024-09-16 16:19:19,23.8,72.0,196
2024-09-16 16:19:23,24.3,72.0,228
2024-09-16 16:19:27,24.4,72.0,226
2024-09-16 16:19:31,23.4,72.0,241
2024-09-16 16:19:35,23.8,72.0,238
2024-09-16 16:19:39,24.4,72.0,223
2024-09-16 16:19:43,24.0,72.0,240
2024-09-16 16:19:47,23.5,72.0,245
2024-09-16 16:19:51,23.6,72.0,232
2024-09-16 16:19:57,23.5,72.0,231
2024-09-16 16:20:01,23.8,72.0,232
2024-09-16 16:20:05,24.0,72.0,247
2024-09-16 16:20:09,24.2,72.0,228
2024-09-16 16:20:13,23.1,72.0,232
2024-09-16 16:20:17,23.3,72.0,242
2024-09-16 16:20:21,23.5,72.0,234
2024-09-16 16:20:25,24.6,72.0,227
2024-09-16 16:20:29,23.9,72.0,231
2024-09-16 16:20:33,22.4,72.0,248
2024-09-16 16:20:37,23.9,72.0,236
2024-09-16 16:20:41,24.6,72.0,237
2024-09-16 16:20:47,23.6,72.0,229
2024-09-16 16:20:51,22.8,72.0,233
2024-09-16 16:20:55,23.8,72.0,242
2024-09-16 16:20:59,22.7,72.0,228
2024-09-16 16:21:03,24.2,72.0,227
2024-09-16 16:21:07,24.0,72.0,244
2024-09-16 16:21:12,24.4,72.0,232
2024-09-16 16:21:16,23.8,72.0,227
2024-09-16 16:21:20,23.0,72.0,237
2024-09-16 16:21:24,22.7,72.0,239
2024-09-16 16:21:28,24.1,72.0,220
2024-09-16 16:21:32,23.6,72.0,238
2024-09-16 16:21:36,22.8,72.0,234
2024-09-16 16:21:40,23.2,72.0,230
2024-09-16 16:21:46,24.1,72.0,236
2024-09-16 16:21:50,23.0,72.0,229
2024-09-16 16:21:54,22.4,72.0,248
2024-09-16 16:21:58,23.3,72.0,222
2024-09-16 16:22:02,24.2,72.0,238
2024-09-16 16:22:06,23.0,72.0,238
2024-09-16 16:22:10,24.0,72.0,226
2024-09-16 16:22:14,24.3,72.0,229
2024-09-16 16:22:18,24.8,72.0,238
2024-09-16 16:22:22,22.0,72.0,239
2024-09-16 16:22:27,23.5,72.0,223
2024-09-16 16:22:31,21.5,71.0,239
2024-09-16 16:22:35,23.3,72.0,228
2024-09-16 16:22:39,23.4,72.0,245
2024-09-16 16:22:43,23.5,72.0,232
2024-09-16 16:22:47,23.9,72.0,228
2024-09-16 16:22:51,23.1,72.0,238
2024-09-16 16:22:55,23.2,72.0,240
2024-09-16 16:22:59,24.2,72.0,233
2024-09-16 16:23:04,23.2,72.0,243
2024-09-16 16:23:08,24.2,72.0,242
2024-09-16 16:23:12,21.7,71.0,225
2024-09-16 16:23:16,24.2,72.0,225
2024-09-16 16:23:20,23.3,72.0,240
2024-09-16 16:23:24,22.3,72.0,230
2024-09-16 16:23:30,23.0,72.0,219
2024-09-16 16:23:34,23.4,73.0,238
2024-09-16 16:23:38,24.6,73.0,181
2024-09-16 16:23:42,23.4,73.0,239
2024-09-16 16:23:46,23.0,73.0,224
2024-09-16 16:23:50,22.7,73.0,70
2024-09-16 16:23:54,23.7,73.0,80
2024-09-16 16:23:58,23.5,73.0,87
2024-09-16 16:24:02,20.8,71.0,68
2024-09-16 16:24:07,23.7,73.0,69
2024-09-16 16:24:11,23.4,73.0,72
2024-09-16 16:24:15,22.7,73.0,57
2024-09-16 16:24:19,23.6,73.0,69
2024-09-16 16:24:24,22.5,73.0,70
2024-09-16 16:24:28,22.9,73.0,56
2024-09-16 16:24:32,24.0,73.0,77
2024-09-16 16:24:36,23.3,73.0,73
2024-09-16 16:24:40,22.9,73.0,69
2024-09-16 16:24:44,23.4,73.0,68
2024-09-16 16:24:48,22.0,73.0,52
2024-09-16 16:24:52,23.8,73.0,66
2024-09-16 16:24:56,23.1,73.0,80
2024-09-16 16:25:01,23.0,73.0,67
2024-09-16 16:25:05,23.5,73.0,74
2024-09-16 16:25:09,23.3,73.0,73
2024-09-16 16:25:13,23.6,73.0,55
2024-09-16 16:25:17,23.0,73.0,89
2024-09-16 16:25:21,22.9,73.0,54
2024-09-16 16:25:25,23.3,73.0,67
2024-09-16 16:25:29,23.5,73.0,90
2024-09-16 16:25:33,23.5,73.0,52
2024-09-16 16:25:39,24.0,73.0,67
2024-09-16 16:25:43,22.6,73.0,92
2024-09-16 16:25:47,23.1,73.0,54
2024-09-16 16:25:51,23.3,73.0,73
2024-09-16 16:25:57,23.5,73.0,77
2024-09-16 16:26:01,23.4,73.0,69
2024-09-16 16:26:05,23.4,73.0,70
2024-09-16 16:26:09,23.1,73.0,54
2024-09-16 16:26:13,24.0,73.0,72
2024-09-16 16:26:17,22.5,73.0,70
2024-09-16 16:26:21,23.8,73.0,67
2024-09-16 16:26:25,24.2,73.0,80
2024-09-16 16:26:29,23.3,73.0,54
2024-09-16 16:26:33,23.7,73.0,67
2024-09-16 16:26:37,22.1,73.0,78
2024-09-16 16:26:41,22.9,73.0,53
2024-09-16 16:26:45,22.6,73.0,76
2024-09-16 16:26:49,23.7,73.0,83
2024-09-16 16:26:53,23.2,73.0,68
2024-09-16 16:26:58,23.9,73.0,68
2024-09-16 16:27:02,24.8,73.0,78
2024-09-16 16:27:06,23.2,73.0,54
2024-09-16 16:27:10,23.6,73.0,67
2024-09-16 16:27:14,22.8,73.0,80
2024-09-16 16:27:18,23.5,73.0,67
2024-09-16 16:27:22,23.8,73.0,68
2024-09-16 16:27:28,23.1,73.0,87
2024-09-16 16:27:32,23.3,73.0,68
2024-09-16 16:27:36,23.9,73.0,70
2024-09-16 16:27:40,22.6,73.0,80
2024-09-16 16:27:44,23.5,73.0,55
2024-09-16 16:27:48,23.1,73.0,73
2024-09-16 16:27:52,23.4,73.0,70
2024-09-16 16:27:56,23.8,73.0,67
2024-09-16 16:28:00,23.4,73.0,71
2024-09-16 16:28:04,23.1,73.0,54
2024-09-16 16:28:08,24.1,73.0,95
2024-09-16 16:28:12,23.5,73.0,80
2024-09-16 16:28:16,23.3,73.0,54
2024-09-16 16:28:20,23.9,73.0,68
2024-09-16 16:28:26,23.2,73.0,79
2024-09-16 16:28:30,23.1,73.0,56
2024-09-16 16:28:34,24.0,73.0,77
2024-09-16 16:28:38,23.2,73.0,52
2024-09-16 16:28:42,23.8,73.0,70
2024-09-16 16:28:46,22.4,73.0,75
2024-09-16 16:28:50,23.1,73.0,56
2024-09-16 16:28:54,23.8,73.0,70
2024-09-16 16:28:58,23.5,73.0,81
2024-09-16 16:29:03,23.3,73.0,53
2024-09-16 16:29:07,24.1,73.0,72
2024-09-16 16:29:11,23.7,73.0,79
2024-09-16 16:29:15,23.6,73.0,53
2024-09-16 16:29:21,23.8,73.0,77
2024-09-16 16:29:25,23.5,73.0,79
2024-09-16 16:29:29,21.7,72.0,53
2024-09-16 16:29:33,23.8,73.0,76
2024-09-16 16:29:41,23.6,73.0,86
2024-09-16 16:29:45,23.3,73.0,53
2024-09-16 16:29:49,22.7,73.0,66
2024-09-16 16:29:53,23.1,73.0,78
2024-09-16 16:29:57,23.5,73.0,54
2024-09-16 16:30:01,23.9,73.0,66
2024-09-16 16:30:05,23.3,73.0,74
2024-09-16 16:30:09,23.3,73.0,67
2024-09-16 16:30:13,24.1,72.0,69
2024-09-16 16:30:17,21.8,72.0,75
2024-09-16 16:30:21,23.7,73.0,55
2024-09-16 16:30:25,23.6,73.0,67
2024-09-16 16:30:29,23.3,73.0,72
2024-09-16 16:30:37,23.5,73.0,53
2024-09-16 16:30:41,23.6,73.0,66
2024-09-16 16:30:45,24.1,73.0,79
2024-09-16 16:30:49,23.4,73.0,54
2024-09-16 16:30:53,23.5,73.0,95
2024-09-16 16:30:57,23.3,73.0,78
2024-09-16 16:31:01,22.9,73.0,54
2024-09-16 16:31:05,23.8,73.0,68
2024-09-16 16:31:09,23.1,73.0,77
2024-09-16 16:31:13,23.4,73.0,54
2024-09-16 16:31:17,23.5,73.0,68
2024-09-16 16:31:21,22.9,73.0,76
2024-09-16 16:31:28,23.6,73.0,80
2024-09-16 16:31:33,23.6,72.0,95
2024-09-16 16:31:37,23.8,73.0,71
2024-09-16 16:31:41,23.7,72.0,55
2024-09-16 16:31:45,23.6,72.0,70
2024-09-16 16:31:49,23.2,73.0,71
2024-09-16 16:31:53,23.7,72.0,68
2024-09-16 16:31:57,23.1,72.0,71
2024-09-16 16:32:01,23.0,72.0,54
2024-09-16 16:32:05,23.8,73.0,67
2024-09-16 16:32:09,23.1,72.0,77
2024-09-16 16:32:13,23.0,72.0,67
2024-09-16 16:32:21,23.6,72.0,73
2024-09-16 16:32:25,23.4,72.0,76
2024-09-16 16:32:29,23.4,72.0,68
2024-09-16 16:32:33,22.7,72.0,69
2024-09-16 16:32:37,23.9,72.0,52
2024-09-16 16:32:41,24.4,72.0,70
2024-09-16 16:32:45,22.8,72.0,71
2024-09-16 16:32:49,23.5,72.0,67
2024-09-16 16:32:53,22.4,73.0,70
2024-09-16 16:32:57,23.8,72.0,53
2024-09-16 16:33:01,23.8,73.0,67
2024-09-16 16:33:05,23.3,73.0,69
2024-09-16 16:33:09,23.8,72.0,52
2024-09-16 16:33:17,23.7,73.0,56
2024-09-16 16:33:21,23.2,73.0,73
2024-09-16 16:33:25,23.8,73.0,71
2024-09-16 16:33:29,23.8,73.0,66
2024-09-16 16:33:33,23.5,73.0,67
2024-09-16 16:33:37,23.0,72.0,52
2024-09-16 16:33:41,24.0,73.0,72
2024-09-16 16:33:45,22.5,73.0,73
2024-09-16 16:33:49,23.8,73.0,68
2024-09-16 16:33:53,23.5,73.0,71
2024-09-16 16:33:57,22.5,73.0,73
2024-09-16 16:34:01,23.6,73.0,58
2024-09-16 16:34:09,23.6,73.0,96
2024-09-16 16:34:14,22.8,73.0,80
2024-09-16 16:34:18,23.2,73.0,54
2024-09-16 16:34:22,24.0,73.0,76
2024-09-16 16:34:26,23.7,73.0,80
2024-09-16 16:34:30,23.7,73.0,52
2024-09-16 16:34:34,24.2,73.0,67
2024-09-16 16:34:38,23.5,73.0,79
2024-09-16 16:34:42,23.2,73.0,53
2024-09-16 16:34:46,24.0,73.0,67
2024-09-16 16:34:50,23.7,73.0,90
2024-09-16 16:34:54,23.0,73.0,67
2024-09-16 16:35:02,23.3,73.0,77
2024-09-16 16:35:06,23.5,73.0,78
2024-09-16 16:35:10,22.9,73.0,54
2024-09-16 16:35:14,23.1,73.0,73
2024-09-16 16:35:18,23.5,73.0,78
2024-09-16 16:35:22,23.4,73.0,53
2024-09-16 16:35:26,23.1,73.0,68
2024-09-16 16:35:30,22.6,73.0,70
2024-09-16 16:35:34,23.5,73.0,66
2024-09-16 16:35:38,23.5,73.0,72
2024-09-16 16:35:42,22.5,73.0,72
2024-09-16 16:35:46,23.5,73.0,58
2024-09-16 16:35:50,23.5,73.0,93
2024-09-16 16:35:58,23.7,73.0,80
2024-09-16 16:36:02,23.4,73.0,55
2024-09-16 16:36:06,23.6,73.0,67
2024-09-16 16:36:10,23.0,73.0,79
2024-09-16 16:36:14,23.5,73.0,54
2024-09-16 16:36:18,24.0,73.0,74
2024-09-16 16:36:22,23.1,73.0,53
2024-09-16 16:36:26,23.6,73.0,67
2024-09-16 16:36:30,23.1,73.0,79
2024-09-16 16:36:34,23.1,73.0,53
2024-09-16 16:36:38,23.4,73.0,79
2024-09-16 16:36:42,21.8,72.0,67
2024-09-16 16:36:49,23.1,73.0,66
2024-09-16 16:36:54,22.5,73.0,76
2024-09-16 16:36:58,23.4,73.0,53
2024-09-16 16:37:02,23.5,73.0,67
2024-09-16 16:37:06,23.5,73.0,70
2024-09-16 16:37:10,23.8,73.0,66
2024-09-16 16:37:14,24.0,73.0,72
2024-09-16 16:37:18,22.0,73.0,74
2024-09-16 16:37:22,23.2,73.0,67
2024-09-16 16:37:26,23.7,73.0,73
2024-09-16 16:37:30,23.9,73.0,85
2024-09-16 16:37:34,23.3,73.0,54
2024-09-16 16:37:42,23.3,73.0,67
2024-09-16 16:37:46,23.3,73.0,69
2024-09-16 16:37:50,23.0,73.0,54
2024-09-16 16:37:54,23.6,73.0,68
2024-09-16 16:37:58,23.3,73.0,77
2024-09-16 16:38:02,23.0,73.0,54
2024-09-16 16:38:06,22.8,73.0,70
2024-09-16 16:38:10,21.7,72.0,72
2024-09-16 16:38:14,23.4,73.0,68
2024-09-16 16:38:18,23.4,73.0,70
2024-09-16 16:38:22,23.7,73.0,74
2024-09-16 16:38:26,23.9,73.0,61
2024-09-16 16:38:30,23.4,73.0,70
2024-09-16 16:38:38,22.5,73.0,53
2024-09-16 16:38:42,23.8,73.0,88
2024-09-16 16:38:46,23.6,73.0,71
2024-09-16 16:38:50,23.2,73.0,52
2024-09-16 16:38:54,24.0,73.0,71
2024-09-16 16:38:58,22.8,73.0,77
2024-09-16 16:39:02,23.5,73.0,55
2024-09-16 16:39:06,23.9,72.0,94
2024-09-16 16:39:10,22.7,73.0,75
2024-09-16 16:39:14,23.3,73.0,55
2024-09-16 16:39:18,24.0,72.0,71
2024-09-16 16:39:22,23.1,73.0,56
2024-09-16 16:39:26,23.8,73.0,70
2024-09-16 16:39:30,23.2,73.0,67
2024-09-16 16:39:34,23.5,73.0,54
2024-09-16 16:39:38,23.5,73.0,68
2024-09-16 16:39:42,23.2,73.0,74
2024-09-16 16:39:46,23.7,73.0,59
2024-09-16 16:39:50,23.9,73.0,72
2024-09-16 16:39:54,22.5,73.0,84
2024-09-16 16:39:58,23.1,74.0,85
2024-09-16 16:40:02,23.6,74.0,72
2024-09-16 16:40:06,23.3,74.0,86
2024-09-16 16:40:10,23.6,74.0,59
2024-09-16 16:40:14,24.1,74.0,82
2024-09-16 16:40:18,23.4,74.0,77
2024-09-16 16:40:22,23.8,74.0,73
2024-09-16 16:40:26,23.4,74.0,80
2024-09-16 16:40:30,22.8,75.0,78
2024-09-16 16:40:34,23.8,75.0,79
2024-09-16 16:40:38,23.7,75.0,79
2024-09-16 16:40:42,23.4,76.0,91
2024-09-16 16:40:46,23.2,75.0,65
2024-09-16 16:40:50,24.4,75.0,78
2024-09-16 16:40:54,23.4,74.0,105
2024-09-16 16:40:58,23.5,74.0,89
2024-09-16 16:41:02,23.3,74.0,66
2024-09-16 16:41:06,23.6,74.0,80
2024-09-16 16:41:10,22.6,74.0,86
2024-09-16 16:41:14,23.1,74.0,79
2024-09-16 16:41:18,23.5,74.0,87
2024-09-16 16:41:22,23.6,74.0,94
2024-09-16 16:41:26,23.2,74.0,102
2024-09-16 16:41:30,23.4,74.0,78
2024-09-16 16:41:34,23.3,74.0,91
2024-09-16 16:41:38,23.2,74.0,89
2024-09-16 16:41:42,23.6,74.0,77
2024-09-16 16:41:46,23.5,73.0,90
2024-09-16 16:41:50,23.6,73.0,64
2024-09-16 16:41:54,24.1,73.0,79
2024-09-16 16:41:58,23.4,73.0,87
2024-09-16 16:42:02,23.3,73.0,66
2024-09-16 16:42:06,23.8,73.0,79
2024-09-16 16:42:10,23.3,73.0,89
2024-09-16 16:42:14,23.4,73.0,65
2024-09-16 16:42:18,23.9,73.0,81
2024-09-16 16:42:22,23.5,73.0,88
2024-09-16 16:42:26,22.9,73.0,65
2024-09-16 16:42:30,23.8,72.0,81
2024-09-16 16:42:34,23.8,73.0,82
2024-09-16 16:42:38,25.6,73.0,78
2024-09-16 16:42:42,21.9,72.0,80
2024-09-16 16:42:46,23.2,72.0,66
2024-09-16 16:42:50,24.4,72.0,78
2024-09-16 16:42:54,24.0,73.0,65
2024-09-16 16:42:58,23.9,73.0,77
2024-09-16 16:43:02,22.9,73.0,89
2024-09-16 16:43:06,23.5,73.0,64
2024-09-16 16:43:10,24.5,73.0,77
2024-09-16 16:43:14,23.3,73.0,86
2024-09-16 16:43:18,23.2,73.0,67
2024-09-16 16:43:22,23.8,73.0,86
2024-09-16 16:43:26,21.9,72.0,75
2024-09-16 16:43:30,21.5,72.0,77
2024-09-16 16:43:34,23.0,73.0,84
2024-09-16 16:43:38,23.5,73.0,77
2024-09-16 16:43:42,24.0,73.0,87
2024-09-16 16:43:46,23.1,73.0,235
2024-09-16 16:43:50,23.9,73.0,235
2024-09-16 16:43:54,23.6,73.0,237
2024-09-16 16:43:58,23.2,73.0,235
2024-09-16 16:44:02,22.5,73.0,235
2024-09-16 16:44:06,23.5,73.0,236
2024-09-16 16:44:10,23.8,73.0,225
2024-09-16 16:44:14,23.5,73.0,234
2024-09-16 16:44:18,23.2,73.0,244
2024-09-16 16:44:22,22.3,73.0,230
2024-09-16 16:44:26,23.5,73.0,234
2024-09-16 16:44:30,23.9,73.0,226
2024-09-16 16:44:34,24.0,73.0,240
2024-09-16 16:44:38,21.9,72.0,230
2024-09-16 16:44:42,23.1,73.0,232
2024-09-16 16:44:46,22.6,73.0,222
2024-09-16 16:44:50,22.7,73.0,227
2024-09-16 16:44:54,23.5,73.0,236
2024-09-16 16:44:58,23.8,72.0,250
2024-09-16 16:45:02,21.7,71.0,230
2024-09-16 16:45:06,23.6,72.0,224
2024-09-16 16:45:10,23.7,72.0,236
2024-09-16 16:45:14,23.5,72.0,224
2024-09-16 16:45:18,22.6,72.0,237
2024-09-16 16:45:22,23.2,73.0,215
2024-09-16 16:45:26,23.8,73.0,224
2024-09-16 16:45:30,23.7,73.0,229
2024-09-16 16:45:34,23.2,73.0,219
2024-09-16 16:45:38,23.5,73.0,227
2024-09-16 16:45:42,22.2,73.0,217
2024-09-16 16:45:46,24.5,73.0,226
2024-09-16 16:45:50,24.0,73.0,224
2024-09-16 16:45:54,22.4,73.0,225
2024-09-16 16:45:58,23.5,73.0,227
2024-09-16 16:46:03,23.7,73.0,217
2024-09-16 16:46:07,22.7,73.0,222
2024-09-16 16:46:11,23.8,73.0,224
2024-09-16 16:46:15,23.8,73.0,210
2024-09-16 16:46:19,23.3,73.0,229
2024-09-16 16:46:23,22.5,73.0,218
2024-09-16 16:46:27,24.4,73.0,220
2024-09-16 16:46:31,23.4,73.0,232
2024-09-16 16:46:35,23.1,73.0,224
2024-09-16 16:46:39,23.5,73.0,221
2024-09-16 16:46:43,24.3,73.0,229
2024-09-16 16:46:47,22.4,73.0,223
2024-09-16 16:46:51,24.2,73.0,234
2024-09-16 16:46:55,23.3,73.0,267
2024-09-16 16:46:59,23.9,73.0,219
2024-09-16 16:47:03,23.6,73.0,240
2024-09-16 16:47:07,23.5,73.0,230
2024-09-16 16:47:11,24.2,73.0,240
2024-09-16 16:47:15,23.3,73.0,215
2024-09-16 16:47:19,24.2,73.0,228
2024-09-16 16:47:23,23.3,73.0,215
2024-09-16 16:47:27,23.4,73.0,227
2024-09-16 16:47:31,23.7,73.0,219
2024-09-16 16:47:35,23.8,73.0,222
2024-09-16 16:47:39,24.7,73.0,218
2024-09-16 16:47:43,22.9,73.0,226
2024-09-16 16:47:47,23.5,73.0,226
2024-09-16 16:47:51,24.0,73.0,209
2024-09-16 16:47:55,24.5,73.0,219
2024-09-16 16:47:59,23.4,73.0,229
2024-09-16 16:48:03,23.5,73.0,224
2024-09-16 16:48:07,22.6,73.0,225
2024-09-16 16:48:11,23.7,73.0,213
2024-09-16 16:48:15,22.5,73.0,223
2024-09-16 16:48:19,24.0,73.0,216
2024-09-16 16:48:23,24.0,73.0,225
2024-09-16 16:48:27,24.3,74.0,219
2024-09-16 16:48:31,23.3,74.0,223
2024-09-16 16:48:35,23.8,73.0,233
2024-09-16 16:48:39,23.3,73.0,225
2024-09-16 16:48:43,24.0,73.0,220
2024-09-16 16:48:47,22.8,73.0,228
2024-09-16 16:48:51,23.1,73.0,227
2024-09-16 16:48:55,23.4,73.0,224
2024-09-16 16:49:00,24.2,73.0,219
2024-09-16 16:49:04,22.2,73.0,230
2024-09-16 16:49:08,23.7,73.0,224
2024-09-16 16:49:12,24.3,73.0,211
2024-09-16 16:49:16,24.0,73.0,220
2024-09-16 16:49:20,23.4,73.0,232
2024-09-16 16:49:24,23.8,73.0,225
2024-09-16 16:49:28,23.6,73.0,224
2024-09-16 16:49:34,23.9,73.0,220
2024-09-16 16:49:38,23.2,73.0,227
2024-09-16 16:49:42,22.6,73.0,222
2024-09-16 16:49:46,24.1,73.0,234
2024-09-16 16:49:50,24.4,73.0,228
2024-09-16 16:49:54,24.1,72.0,228
2024-09-16 16:49:58,24.0,72.0,229
2024-09-16 16:50:02,24.1,72.0,221
2024-09-16 16:50:06,22.1,72.0,229
2024-09-16 16:50:10,23.3,73.0,223
2024-09-16 16:50:14,23.6,73.0,224
2024-09-16 16:50:18,23.7,72.0,214
2024-09-16 16:50:22,23.8,72.0,223
2024-09-16 16:50:28,23.5,72.0,232
2024-09-16 16:50:32,23.9,72.0,213
2024-09-16 16:50:36,24.4,72.0,228
2024-09-16 16:50:40,23.9,72.0,222
2024-09-16 16:50:44,23.6,72.0,229
2024-09-16 16:50:48,24.3,72.0,218
2024-09-16 16:50:52,24.4,72.0,225
2024-09-16 16:50:56,23.2,72.0,215
2024-09-16 16:51:00,23.4,72.0,216
2024-09-16 16:51:04,24.4,73.0,222
2024-09-16 16:51:08,23.9,73.0,216
2024-09-16 16:51:12,23.4,73.0,228
2024-09-16 16:51:16,23.3,73.0,224
2024-09-16 16:51:21,24.0,74.0,220
2024-09-16 16:51:25,24.6,73.0,228
2024-09-16 16:51:29,22.4,74.0,226
2024-09-16 16:51:35,24.5,73.0,214
2024-09-16 16:51:39,24.7,73.0,226
2024-09-16 16:51:43,23.3,73.0,218
2024-09-16 16:51:47,24.4,72.0,225
2024-09-16 16:51:51,23.7,72.0,218
2024-09-16 16:51:55,23.9,72.0,225
2024-09-16 16:51:59,22.5,72.0,220
2024-09-16 16:52:03,22.0,72.0,232
2024-09-16 16:52:09,22.6,72.0,212
2024-09-16 16:52:13,24.5,72.0,229
2024-09-16 16:52:17,24.5,72.0,220
2024-09-16 16:52:21,24.0,72.0,229
2024-09-16 16:52:25,24.0,72.0,212
2024-09-16 16:52:29,22.5,72.0,213
2024-09-16 16:52:33,23.9,72.0,220
2024-09-16 16:52:37,23.5,72.0,222
2024-09-16 16:52:41,23.5,72.0,221
2024-09-16 16:52:45,22.1,72.0,230
2024-09-16 16:52:50,24.4,72.0,216
2024-09-16 16:52:54,22.8,73.0,221
2024-09-16 16:52:58,23.4,72.0,230
2024-09-16 16:53:02,23.9,72.0,206
2024-09-16 16:53:06,24.2,72.0,219
2024-09-16 16:53:10,23.4,72.0,224
2024-09-16 16:53:14,24.0,72.0,223
2024-09-16 16:53:18,24.5,72.0,216
2024-09-16 16:53:22,23.6,72.0,235
2024-09-16 16:53:26,22.9,73.0,228
2024-09-16 16:53:30,23.2,73.0,216
2024-09-16 16:53:34,24.3,73.0,225
2024-09-16 16:53:38,23.6,73.0,226
2024-09-16 16:53:42,22.6,73.0,225
2024-09-16 16:53:46,24.0,73.0,223
2024-09-16 16:53:50,24.0,73.0,225
2024-09-16 16:53:56,22.6,73.0,231
2024-09-16 16:54:00,23.6,73.0,220
2024-09-16 16:54:04,24.2,73.0,221
2024-09-16 16:54:08,24.3,73.0,219
2024-09-16 16:54:12,23.4,72.0,219
2024-09-16 16:54:16,23.5,72.0,226
2024-09-16 16:54:20,24.3,72.0,219
2024-09-16 16:54:24,24.1,72.0,230
2024-09-16 16:54:28,23.5,72.0,218
2024-09-16 16:54:32,23.7,72.0,226
2024-09-16 16:54:36,24.7,72.0,212
2024-09-16 16:54:40,23.6,72.0,225
2024-09-16 16:54:46,22.5,72.0,223
2024-09-16 16:54:50,24.5,72.0,221
2024-09-16 16:54:54,23.5,72.0,219
2024-09-16 16:54:59,23.1,72.0,217
2024-09-16 16:55:03,24.0,72.0,226
2024-09-16 16:55:07,24.4,72.0,229
2024-09-16 16:55:11,23.4,72.0,216
2024-09-16 16:55:15,23.7,72.0,231
2024-09-16 16:55:19,24.1,72.0,218
2024-09-16 16:55:23,24.1,72.0,218
2024-09-16 16:55:27,23.3,72.0,222
2024-09-16 16:55:31,23.3,73.0,234
2024-09-16 16:55:37,23.9,73.0,220
2024-09-16 16:55:41,24.2,72.0,217
2024-09-16 16:55:45,22.5,72.0,219
2024-09-16 16:55:49,24.7,72.0,228
2024-09-16 16:55:53,23.0,72.0,215
2024-09-16 16:55:57,24.1,72.0,226
2024-09-16 16:56:04,23.3,72.0,227
2024-09-16 16:56:08,24.3,71.0,229
2024-09-16 16:56:12,24.4,72.0,222
2024-09-16 16:56:16,23.1,72.0,221
2024-09-16 16:56:20,23.6,72.0,231
2024-09-16 16:56:24,23.9,71.0,219
2024-09-16 16:56:28,24.4,72.0,239
2024-09-16 16:56:32,23.7,72.0,221
2024-09-16 16:56:36,22.6,71.0,231
2024-09-16 16:56:40,23.8,71.0,217
2024-09-16 16:56:44,23.9,71.0,225
2024-09-16 16:56:48,24.1,71.0,221
2024-09-16 16:56:52,23.5,72.0,221
2024-09-16 16:56:56,24.1,72.0,232
2024-09-16 16:57:00,23.6,72.0,208
2024-09-16 16:57:05,24.0,72.0,226
2024-09-16 16:57:09,22.9,72.0,217
2024-09-16 16:57:13,23.8,72.0,229
2024-09-16 16:57:17,24.7,71.0,213
2024-09-16 16:57:21,23.7,71.0,223
2024-09-16 16:57:25,24.3,71.0,216
2024-09-16 16:57:29,23.3,72.0,232
2024-09-16 16:57:33,23.7,72.0,220
2024-09-16 16:57:37,24.0,72.0,224
2024-09-16 16:57:41,24.0,72.0,222
2024-09-16 16:57:45,23.6,72.0,222
2024-09-16 16:57:49,24.2,72.0,218
2024-09-16 16:57:53,23.4,72.0,218
2024-09-16 16:57:58,22.5,72.0,229
2024-09-16 16:58:02,24.0,72.0,218
2024-09-16 16:58:06,23.4,72.0,224
2024-09-16 16:58:10,24.1,72.0,217
2024-09-16 16:58:16,24.8,71.0,218
2024-09-16 16:58:20,23.1,72.0,230
2024-09-16 16:58:24,23.3,71.0,226
2024-09-16 16:58:28,23.9,71.0,213
2024-09-16 16:58:33,22.4,71.0,222
2024-09-16 16:58:37,24.8,71.0,224
2024-09-16 16:58:41,24.0,72.0,222
2024-09-16 16:58:45,24.0,72.0,214
2024-09-16 16:58:50,24.5,72.0,222
2024-09-16 16:58:54,24.7,72.0,228
2024-09-16 16:58:58,23.6,72.0,225
2024-09-16 16:59:02,24.2,72.0,212
2024-09-16 16:59:06,24.0,72.0,230
2024-09-16 16:59:10,24.1,72.0,214
2024-09-16 16:59:14,23.9,72.0,221
2024-09-16 16:59:18,24.0,72.0,213
2024-09-16 16:59:22,23.9,72.0,227
2024-09-16 16:59:26,24.0,72.0,213
2024-09-16 16:59:30,24.6,72.0,214
2024-09-16 16:59:34,24.3,72.0,218
2024-09-16 16:59:38,24.3,72.0,217
2024-09-16 16:59:42,23.5,71.0,223
2024-09-16 16:59:46,24.1,71.0,228
2024-09-16 16:59:50,23.5,71.0,229
2024-09-16 16:59:54,23.5,71.0,227
2024-09-16 17:00:00,24.5,71.0,220
2024-09-16 17:00:04,24.4,71.0,218
2024-09-16 17:00:08,23.5,71.0,216
2024-09-16 17:00:12,24.0,71.0,219
2024-09-16 17:00:16,24.0,71.0,213
2024-09-16 17:00:20,23.4,71.0,217
2024-09-16 17:00:24,23.7,71.0,231
2024-09-16 17:00:28,23.7,71.0,224
2024-09-16 17:00:32,22.5,71.0,227
2024-09-16 17:00:36,23.7,71.0,226
2024-09-16 17:00:42,23.6,70.0,229
2024-09-16 17:00:46,24.2,70.0,219
2024-09-16 17:00:50,24.3,70.0,214
2024-09-16 17:00:54,23.5,70.0,217
2024-09-16 17:00:58,23.7,71.0,227
2024-09-16 17:01:02,24.3,71.0,224
2024-09-16 17:01:06,24.2,71.0,220
2024-09-16 17:01:10,23.6,71.0,215
2024-09-16 17:01:14,24.1,71.0,219
2024-09-16 17:01:18,24.9,71.0,222
2024-09-16 17:01:22,25.1,70.0,219
2024-09-16 17:01:27,23.3,70.0,215
2024-09-16 17:01:31,23.7,70.0,220
2024-09-16 17:01:35,23.9,70.0,212
2024-09-16 17:01:39,24.5,70.0,222
2024-09-16 17:01:43,23.9,70.0,225
2024-09-16 17:01:47,24.2,70.0,223
2024-09-16 17:01:51,23.5,70.0,216
2024-09-16 17:01:55,24.5,70.0,211
2024-09-16 17:01:59,24.0,70.0,215
2024-09-16 17:02:03,23.9,70.0,217
2024-09-16 17:02:07,23.6,71.0,231
2024-09-16 17:02:11,23.9,71.0,220
2024-09-16 17:02:15,24.3,72.0,220
2024-09-16 17:02:19,24.3,71.0,226
2024-09-16 17:02:25,23.8,71.0,229
2024-09-16 17:02:29,22.5,71.0,218
2024-09-16 17:02:33,24.5,71.0,218
2024-09-16 17:02:37,24.1,71.0,220
2024-09-16 17:02:41,23.2,71.0,220
2024-09-16 17:02:45,24.1,71.0,220
2024-09-16 17:02:52,23.9,71.0,221
2024-09-16 17:02:56,25.1,71.0,222
2024-09-16 17:03:00,24.0,71.0,223
2024-09-16 17:03:04,24.1,71.0,217
2024-09-16 17:03:08,24.6,71.0,209
2024-09-16 17:03:12,24.2,71.0,212
2024-09-16 17:03:16,23.8,71.0,215
2024-09-16 17:03:20,24.1,71.0,218
2024-09-16 17:03:24,24.4,71.0,215
2024-09-16 17:03:28,24.0,71.0,222
2024-09-16 17:03:32,23.4,71.0,219
2024-09-16 17:03:36,24.0,71.0,216
2024-09-16 17:03:40,23.9,71.0,221
2024-09-16 17:03:44,24.1,71.0,213
2024-09-16 17:03:48,24.0,71.0,211
2024-09-16 17:03:52,23.3,71.0,225
2024-09-16 17:03:56,24.0,71.0,229
2024-09-16 17:04:00,24.0,71.0,228
2024-09-16 17:04:04,24.0,71.0,226
2024-09-16 17:04:08,23.6,71.0,211
2024-09-16 17:04:12,23.3,71.0,226
2024-09-16 17:04:18,24.3,71.0,231
2024-09-16 17:04:22,24.2,71.0,215
2024-09-16 17:04:26,24.0,71.0,224
2024-09-16 17:04:30,23.5,71.0,225
2024-09-16 17:04:34,23.6,71.0,215
2024-09-16 17:04:38,23.5,71.0,222
2024-09-16 17:04:42,23.6,71.0,224
2024-09-16 17:04:46,24.2,71.0,228
2024-09-16 17:04:50,24.5,71.0,218
2024-09-16 17:04:54,22.9,71.0,215
2024-09-16 17:04:58,23.4,71.0,226
2024-09-16 17:05:03,24.6,71.0,213
2024-09-16 17:05:07,24.0,71.0,222
2024-09-16 17:05:11,22.6,71.0,226
2024-09-16 17:05:15,23.7,71.0,218
2024-09-16 17:05:19,24.0,71.0,231
2024-09-16 17:05:23,23.7,71.0,229
2024-09-16 17:05:27,24.2,71.0,210
2024-09-16 17:05:33,24.0,71.0,225
2024-09-16 17:05:37,23.1,71.0,229
2024-09-16 17:05:41,22.3,71.0,221
2024-09-16 17:05:45,23.5,71.0,229
2024-09-16 17:05:49,24.0,71.0,222
2024-09-16 17:05:53,23.7,71.0,221
2024-09-16 17:05:57,23.8,71.0,227
2024-09-16 17:06:01,23.2,71.0,224
2024-09-16 17:06:05,23.5,71.0,224
2024-09-16 17:06:09,23.5,71.0,227
2024-09-16 17:06:13,24.4,71.0,224
2024-09-16 17:06:17,23.4,71.0,219
2024-09-16 17:06:22,23.7,71.0,228
2024-09-16 17:06:26,24.2,71.0,213
2024-09-16 17:06:32,24.4,71.0,224
2024-09-16 17:06:36,23.9,71.0,228
2024-09-16 17:06:40,23.2,71.0,220
2024-09-16 17:06:44,24.0,71.0,229
2024-09-16 17:06:48,23.4,71.0,230
2024-09-16 17:06:52,24.4,71.0,212
2024-09-16 17:06:56,24.0,71.0,227
2024-09-16 17:07:00,22.9,71.0,224
2024-09-16 17:07:06,22.6,71.0,215
2024-09-16 17:07:10,23.3,71.0,229
2024-09-16 17:07:14,23.4,71.0,227
2024-09-16 17:07:18,23.8,71.0,229
2024-09-16 17:07:22,23.2,71.0,225
2024-09-16 17:07:26,21.9,70.0,239
2024-09-16 17:07:30,23.3,71.0,234
2024-09-16 17:07:34,23.3,71.0,215
2024-09-16 17:07:38,24.0,71.0,222
2024-09-16 17:07:42,23.1,71.0,234
2024-09-16 17:07:46,23.5,71.0,226
2024-09-16 17:07:50,23.3,71.0,219
2024-09-16 17:07:54,22.5,71.0,233
2024-09-16 17:07:58,23.5,71.0,216
2024-09-16 17:08:02,23.6,71.0,217
2024-09-16 17:08:06,23.0,71.0,222
2024-09-16 17:08:12,23.5,72.0,235
2024-09-16 17:08:16,23.3,71.0,223
2024-09-16 17:08:20,23.2,71.0,224
2024-09-16 17:08:24,23.5,72.0,230
2024-09-16 17:08:28,22.3,72.0,220
2024-09-16 17:08:32,22.5,72.0,231
2024-09-16 17:08:36,23.6,72.0,219
2024-09-16 17:08:40,23.0,72.0,218
2024-09-16 17:08:44,23.5,72.0,230
2024-09-16 17:08:48,22.7,71.0,232
2024-09-16 17:08:52,23.6,72.0,226
2024-09-16 17:08:56,23.8,72.0,220
2024-09-16 17:09:00,23.7,72.0,214
2024-09-16 17:09:06,23.5,71.0,228
2024-09-16 17:09:10,23.3,71.0,226
2024-09-16 17:09:14,23.0,72.0,224
2024-09-16 17:09:18,23.6,72.0,225
2024-09-16 17:09:22,23.4,72.0,225
2024-09-16 17:09:26,23.5,72.0,224
2024-09-16 17:09:30,22.8,72.0,230
2024-09-16 17:09:34,23.2,72.0,239
2024-09-16 17:09:39,23.1,72.0,214
2024-09-16 17:09:43,24.3,72.0,230
2024-09-16 17:09:47,20.5,70.0,224
2024-09-16 17:09:52,23.0,72.0,232
2024-09-16 17:09:56,23.4,72.0,224
2024-09-16 17:10:00,23.4,72.0,223
2024-09-16 17:10:04,22.6,72.0,241
2024-09-16 17:10:08,23.2,72.0,226
2024-09-16 17:10:12,23.4,72.0,230
2024-09-16 17:10:16,23.2,72.0,227
2024-09-16 17:10:20,23.3,72.0,231
2024-09-16 17:10:24,23.1,72.0,220
2024-09-16 17:10:30,23.6,72.0,232
2024-09-16 17:10:34,23.4,72.0,221
2024-09-16 17:10:38,23.2,72.0,240
2024-09-16 17:10:42,23.5,72.0,217
2024-09-16 17:10:46,23.9,72.0,233
2024-09-16 17:10:50,23.3,72.0,218
2024-09-16 17:10:54,22.5,72.0,232
2024-09-16 17:10:58,22.1,72.0,222
2024-09-16 17:11:02,23.5,72.0,221
2024-09-16 17:11:06,23.6,72.0,217
2024-09-16 17:11:10,23.3,72.0,230
2024-09-16 17:11:14,23.5,72.0,233
2024-09-16 17:11:19,22.4,72.0,220
2024-09-16 17:11:23,23.6,72.0,221
2024-09-16 17:11:27,23.3,72.0,232
2024-09-16 17:11:31,22.7,72.0,219
2024-09-16 17:11:35,23.0,72.0,225
2024-09-16 17:11:39,23.2,72.0,224
2024-09-16 17:11:43,23.4,72.0,220
2024-09-16 17:11:47,23.5,72.0,225
2024-09-16 17:11:51,22.5,72.0,226
2024-09-16 17:11:57,23.4,72.0,212
2024-09-16 17:12:01,23.8,72.0,231
2024-09-16 17:12:05,23.3,72.0,223
2024-09-16 17:12:09,22.9,72.0,217
2024-09-16 17:12:13,23.0,72.0,240
2024-09-16 17:12:17,23.1,72.0,221
2024-09-16 17:12:21,23.4,72.0,219
2024-09-16 17:12:25,23.5,72.0,217
2024-09-16 17:12:29,22.4,72.0,221
2024-09-16 17:12:33,23.0,72.0,231
2024-09-16 17:12:37,23.5,72.0,229
2024-09-16 17:12:41,23.2,72.0,226
2024-09-16 17:12:45,22.4,72.0,223
2024-09-16 17:12:50,23.9,72.0,213
2024-09-16 17:12:54,23.2,72.0,233
2024-09-16 17:12:58,22.8,72.0,235
2024-09-16 17:13:03,22.8,72.0,219
2024-09-16 17:13:07,22.6,72.0,220
2024-09-16 17:13:11,23.1,72.0,239
2024-09-16 17:13:15,22.3,72.0,223
2024-09-16 17:13:19,23.6,72.0,217
2024-09-16 17:13:23,22.7,72.0,213
2024-09-16 17:13:28,23.5,72.0,220
2024-09-16 17:13:32,21.7,71.0,234
2024-09-16 17:13:36,21.6,71.0,224
2024-09-16 17:13:40,23.6,72.0,222
2024-09-16 17:13:44,23.8,72.0,220
2024-09-16 17:13:48,22.6,72.0,220
2024-09-16 17:13:53,22.3,72.0,232
2024-09-16 17:13:59,23.4,72.0,217
2024-09-16 17:14:03,23.3,72.0,218
2024-09-16 17:14:07,23.4,72.0,219
2024-09-16 17:14:11,22.1,72.0,225
