pessoa_id,dia_semana,media_batimentos,menor_batimento,maior_batimento,pressao_menor,pressao_maior,nivel_estresse
1,Segunda,105,98,123,125/66,145/78,Alto
1,Terça,109,101,124,102/74,119/81,Moderado
1,Quarta,78,71,87,132/92,148/97,Alto
1,Quinta,101,93,113,100/81,111/88,Moderado
1,Sexta,61,47,66,127/85,146/95,Moderado
1,Segunda,62,57,79,125/80,150/89,Alto
1,Terça,106,100,111,127/88,146/93,Alto
1,Quarta,77,69,84,104/64,119/74,Baixo
1,Quinta,71,65,82,114/79,136/91,Moderado
1,Sexta,92,86,106,111/60,123/72,Moderado
2,Segunda,73,61,92,101/75,112/83,Baixo
2,Terça,67,57,73,99/68,112/75,Baixo
2,Quarta,98,84,106,132/67,147/76,Alto
2,Quinta,75,68,88,129/72,153/80,Alto
2,Sexta,57,49,75,129/65,144/73,Moderado
2,Segunda,72,63,90,112/66,129/75,Moderado
2,Terça,81,66,98,103/86,122/96,Moderado
2,Quarta,74,65,85,112/91,132/102,Moderado
2,Quinta,69,60,80,127/80,147/89,Alto
2,Sexta,57,49,72,114/74,134/83,Moderado
3,Segunda,76,61,81,131/77,146/85,Alto
3,Terça,71,57,91,115/80,130/86,Moderado
3,Quarta,67,62,86,103/76,121/85,Baixo
3,Quinta,58,48,73,126/83,144/92,Moderado
3,Sexta,84,71,95,123/84,137/91,Moderado
3,Segunda,75,61,92,122/71,139/80,Moderado
3,Terça,92,81,111,111/74,126/80,Moderado
3,Quarta,93,80,99,112/65,133/72,Alto
3,Quinta,108,95,118,108/68,124/74,Moderado
3,Sexta,59,47,68,108/87,131/98,Moderado
4,Segunda,57,47,72,102/87,114/93,Baixo
4,Terça,64,53,82,109/86,129/92,Moderado
4,Quarta,90,76,105,132/79,153/86,Alto
4,Quinta,89,78,97,113/86,130/94,Moderado
4,Sexta,86,81,97,129/66,146/71,Alto
4,Segunda,60,54,75,114/63,128/75,Baixo
4,Terça,78,63,95,118/68,133/78,Moderado
4,Quarta,62,56,75,102/90,121/99,Baixo
4,Quinta,75,65,83,119/85,134/93,Moderado
4,Sexta,107,93,127,135/91,150/100,Alto
5,Segunda,74,68,89,127/64,142/72,Moderado
5,Terça,93,85,109,117/77,137/82,Alto
5,Quarta,84,69,103,128/66,148/74,Alto
5,Quinta,63,48,76,99/92,110/98,Baixo
5,Sexta,87,77,98,123/85,140/96,Alto
5,Segunda,91,85,102,122/68,137/74,Alto
5,Terça,86,71,105,109/75,125/83,Moderado
5,Quarta,78,66,90,127/76,143/85,Alto
5,Quinta,86,76,101,99/67,116/76,Baixo
5,Sexta,60,45,67,106/61,128/73,Baixo
6,Segunda,61,50,79,108/73,128/82,Baixo
6,Terça,58,52,78,108/81,120/90,Baixo
6,Quarta,77,65,91,102/69,118/77,Baixo
6,Quinta,94,82,109,113/86,129/92,Moderado
6,Sexta,86,81,102,104/75,122/84,Moderado
6,Segunda,68,63,78,126/76,139/83,Moderado
6,Terça,70,55,76,101/80,114/87,Baixo
6,Quarta,57,42,73,124/62,141/71,Moderado
6,Quinta,98,84,108,118/90,137/98,Alto
6,Sexta,83,77,96,114/74,133/79,Moderado
7,Segunda,108,94,118,109/79,125/90,Moderado
7,Terça,62,55,77,100/74,123/82,Baixo
7,Quarta,106,92,119,101/78,111/89,Moderado
7,Quinta,64,51,74,113/78,133/90,Moderado
7,Sexta,89,74,94,116/73,128/83,Moderado
7,Segunda,85,72,93,127/71,145/82,Alto
7,Terça,104,95,117,121/82,141/92,Alto
7,Quarta,63,53,78,128/63,145/72,Moderado
7,Quinta,89,78,108,131/69,144/80,Alto
7,Sexta,70,56,80,115/62,130/73,Moderado
8,Segunda,100,94,116,129/71,142/79,Alto
8,Terça,102,94,119,118/72,142/80,Alto
8,Quarta,92,82,103,132/63,148/69,Alto
8,Quinta,67,57,74,126/62,150/71,Alto
8,Sexta,108,100,127,114/64,132/74,Alto
8,Segunda,63,49,74,113/81,126/87,Baixo
8,Terça,90,75,104,119/66,138/73,Alto
8,Quarta,87,72,98,115/68,135/77,Alto
8,Quinta,84,76,95,122/72,145/82,Alto
8,Sexta,71,61,77,108/73,127/83,Moderado
9,Segunda,58,44,78,100/62,119/70,Baixo
9,Terça,86,72,98,96/74,111/81,Baixo
9,Quarta,63,53,72,117/88,137/97,Moderado
9,Quinta,86,77,101,124/73,139/83,Alto
9,Sexta,103,91,108,104/71,118/81,Moderado
9,Segunda,98,88,108,124/63,135/72,Alto
9,Terça,65,59,73,126/71,140/78,Moderado
9,Quarta,107,93,121,126/68,143/78,Alto
9,Quinta,107,95,127,115/84,127/94,Alto
9,Sexta,101,86,121,116/67,133/74,Alto
10,Segunda,80,67,91,128/76,149/88,Alto
10,Terça,90,79,106,124/90,141/99,Alto
10,Quarta,109,101,114,99/71,117/80,Moderado
10,Quinta,77,68,86,120/84,139/95,Moderado
10,Sexta,84,74,89,126/83,141/93,Alto
10,Segunda,82,77,90,107/86,121/92,Moderado
10,Terça,72,60,90,110/73,127/83,Moderado
10,Quarta,79,67,89,132/78,150/89,Alto
10,Quinta,81,76,99,125/74,140/85,Alto
10,Sexta,60,52,66,107/68,122/76,Baixo
11,Segunda,56,51,72,103/71,122/81,Baixo
11,Terça,81,67,92,129/69,152/75,Alto
11,Quarta,100,91,118,112/88,133/97,Alto
11,Quinta,95,89,111,124/68,138/79,Alto
11,Sexta,78,71,87,125/73,141/81,Alto
11,Segunda,98,84,109,111/68,125/77,Moderado
11,Terça,64,52,83,113/71,129/81,Moderado
11,Quarta,59,52,72,127/90,143/100,Moderado
11,Quinta,106,100,123,122/62,134/69,Alto
11,Sexta,69,54,74,105/89,121/99,Baixo
12,Segunda,65,59,76,108/81,127/90,Baixo
12,Terça,87,82,107,112/85,133/94,Moderado
12,Quarta,60,52,77,126/69,146/76,Moderado
12,Quinta,62,54,82,109/79,131/88,Moderado
12,Sexta,91,86,103,123/93,140/99,Alto
12,Segunda,57,49,76,108/72,130/80,Baixo
12,Terça,98,91,107,98/82,122/89,Moderado
12,Quarta,67,52,78,130/68,148/77,Alto
12,Quinta,77,72,93,120/71,139/79,Moderado
12,Sexta,76,67,85,108/67,130/73,Moderado
13,Segunda,99,89,116,127/66,148/74,Alto
13,Terça,70,64,80,117/92,130/100,Moderado
13,Quarta,66,55,75,130/81,148/88,Alto
13,Quinta,89,84,101,109/90,125/97,Moderado
13,Sexta,55,42,73,99/61,113/72,Baixo
13,Segunda,86,80,105,101/74,121/84,Moderado
13,Terça,96,90,114,104/68,117/76,Moderado
13,Quarta,77,72,87,129/71,148/79,Alto
13,Quinta,56,43,64,122/70,144/75,Moderado
13,Sexta,95,83,113,110/71,124/78,Moderado
14,Segunda,90,76,97,111/83,127/92,Moderado
14,Terça,56,48,75,105/82,119/87,Baixo
14,Quarta,70,63,80,110/90,127/101,Moderado
14,Quinta,106,91,112,125/74,147/85,Alto
14,Sexta,94,88,111,120/66,138/77,Alto
14,Segunda,80,74,86,113/72,132/81,Moderado
14,Terça,83,77,92,135/85,149/93,Alto
14,Quarta,69,55,78,102/86,115/93,Baixo
14,Quinta,80,65,99,98/85,111/94,Baixo
14,Sexta,89,76,109,131/60,147/70,Alto
15,Segunda,100,89,112,103/81,125/88,Moderado
15,Terça,97,82,113,110/62,127/73,Moderado
15,Quarta,99,92,111,104/71,128/79,Moderado
15,Quinta,77,62,82,122/90,138/100,Moderado
15,Sexta,64,55,78,106/86,125/94,Baixo
15,Segunda,103,97,110,110/91,128/99,Moderado
15,Terça,92,80,99,104/83,119/91,Moderado
15,Quarta,81,76,93,126/73,144/81,Alto
15,Quinta,63,56,77,121/84,135/92,Moderado
15,Sexta,109,95,123,129/67,149/75,Alto
16,Segunda,70,55,87,130/69,144/77,Moderado
16,Terça,73,64,86,121/91,143/99,Moderado
16,Quarta,82,69,92,117/67,133/74,Moderado
16,Quinta,61,46,69,123/68,143/77,Moderado
16,Sexta,74,62,80,103/77,124/88,Moderado
16,Segunda,57,48,66,107/61,131/73,Baixo
16,Terça,84,72,97,115/83,130/93,Moderado
16,Quarta,97,87,102,97/82,120/91,Moderado
16,Quinta,95,86,113,119/70,139/80,Alto
16,Sexta,55,40,75,121/81,135/89,Moderado
17,Segunda,94,80,111,124/82,143/94,Alto
17,Terça,102,97,112,116/89,139/97,Alto
17,Quarta,80,74,89,129/62,148/68,Alto
17,Quinta,107,98,127,101/74,121/82,Moderado
17,Sexta,108,95,114,97/71,113/76,Moderado
17,Segunda,78,65,83,97/61,112/71,Baixo
17,Terça,67,60,77,134/90,145/99,Moderado
17,Quarta,95,87,105,104/78,119/85,Moderado
17,Quinta,69,59,89,100/66,112/73,Baixo
17,Sexta,65,50,76,103/63,122/69,Baixo
18,Segunda,90,80,108,124/71,140/77,Alto
18,Terça,64,59,82,123/81,142/88,Moderado
18,Quarta,82,77,100,113/70,132/81,Moderado
18,Quinta,109,98,128,122/91,139/98,Alto
18,Sexta,77,70,93,120/84,142/90,Alto
18,Segunda,58,49,77,129/63,149/72,Moderado
18,Terça,93,78,109,112/77,126/89,Moderado
18,Quarta,100,87,112,110/82,128/93,Alto
18,Quinta,75,69,94,98/87,114/95,Baixo
18,Sexta,63,53,82,128/85,147/93,Moderado
19,Segunda,100,93,105,132/76,148/88,Alto
19,Terça,106,96,122,129/88,149/97,Alto
19,Quarta,100,94,118,126/65,137/75,Alto
19,Quinta,83,68,102,119/70,135/77,Moderado
19,Sexta,86,71,95,112/70,122/77,Moderado
19,Segunda,55,50,64,119/93,137/100,Moderado
19,Terça,70,62,88,129/63,148/73,Alto
19,Quarta,58,53,66,123/81,139/88,Moderado
19,Quinta,79,74,95,107/60,122/69,Moderado
19,Sexta,88,76,103,103/86,128/98,Moderado
20,Segunda,65,50,70,110/87,131/98,Moderado
20,Terça,66,54,82,115/90,130/98,Moderado
20,Quarta,92,78,102,107/67,121/74,Moderado
20,Quinta,85,74,93,102/74,126/79,Moderado
20,Sexta,56,42,64,103/87,121/93,Baixo
20,Segunda,82,76,92,119/85,137/90,Moderado
20,Terça,81,72,98,102/65,126/71,Moderado
20,Quarta,72,61,78,107/61,131/70,Moderado
20,Quinta,88,81,94,112/71,133/82,Moderado
20,Sexta,100,92,112,103/66,121/75,Moderado
21,Segunda,97,85,117,134/70,152/76,Alto
21,Terça,102,90,120,127/81,149/89,Alto
21,Quarta,107,97,124,122/91,144/99,Alto
21,Quinta,101,90,113,118/64,130/73,Alto
21,Sexta,94,81,110,114/77,135/84,Alto
21,Segunda,58,43,71,126/78,149/87,Moderado
21,Terça,74,62,93,134/80,149/90,Alto
21,Quarta,110,104,129,106/76,118/87,Moderado
21,Quinta,81,66,98,109/93,131/101,Moderado
21,Sexta,100,95,113,119/77,141/82,Alto
22,Segunda,89,81,99,111/73,124/81,Moderado
22,Terça,79,67,86,102/64,124/70,Moderado
22,Quarta,106,100,122,119/84,132/90,Alto
22,Quinta,95,86,107,100/82,113/92,Moderado
22,Sexta,70,60,79,120/78,142/84,Moderado
22,Segunda,74,68,90,121/89,139/97,Moderado
22,Terça,62,52,73,123/89,145/97,Moderado
22,Quarta,66,60,81,121/82,139/91,Moderado
22,Quinta,105,96,112,118/72,136/82,Alto
22,Sexta,88,79,93,132/75,152/86,Alto
23,Segunda,64,54,76,130/90,143/101,Moderado
23,Terça,89,75,95,105/88,120/98,Moderado
23,Quarta,58,43,68,109/64,132/74,Moderado
23,Quinta,68,55,87,132/92,147/100,Alto
23,Sexta,109,101,125,127/72,148/81,Alto
23,Segunda,108,95,123,125/74,135/81,Alto
23,Terça,55,42,63,126/87,142/97,Moderado
23,Quarta,90,80,97,113/68,127/79,Moderado
23,Quinta,70,65,76,108/87,126/92,Moderado
23,Sexta,84,78,95,104/90,123/99,Moderado
24,Segunda,61,48,67,133/81,145/88,Moderado
24,Terça,67,53,82,101/87,111/98,Baixo
24,Quarta,85,73,100,117/86,138/93,Alto
24,Quinta,89,74,109,119/88,143/95,Alto
24,Sexta,73,60,89,106/82,122/88,Baixo
24,Segunda,92,78,107,107/83,124/93,Moderado
24,Terça,92,83,111,108/64,124/70,Moderado
24,Quarta,93,85,110,100/68,111/77,Baixo
24,Quinta,84,72,102,99/83,119/89,Moderado
24,Sexta,89,81,104,126/68,141/75,Alto
25,Segunda,72,62,80,115/62,137/72,Moderado
25,Terça,56,51,70,122/86,146/93,Moderado
25,Quarta,64,50,72,122/76,135/85,Moderado
25,Quinta,61,50,77,103/78,116/87,Baixo
25,Sexta,104,90,124,101/70,116/76,Moderado
25,Segunda,61,51,75,103/73,116/84,Baixo
25,Terça,86,78,103,107/66,129/78,Moderado
25,Quarta,104,91,115,132/70,152/77,Alto
25,Quinta,97,90,105,124/63,143/72,Alto
25,Sexta,78,69,84,130/62,148/72,Alto
26,Segunda,67,60,82,111/75,123/85,Baixo
26,Terça,102,87,107,116/66,138/72,Alto
26,Quarta,60,48,77,118/71,133/78,Moderado
26,Quinta,76,70,91,120/81,137/91,Moderado
26,Sexta,70,65,88,98/85,115/91,Baixo
26,Segunda,110,105,116,118/68,136/76,Alto
26,Terça,86,75,100,116/84,138/92,Alto
26,Quarta,93,85,100,104/77,119/86,Moderado
26,Quinta,71,62,79,104/82,118/89,Baixo
26,Sexta,99,93,110,103/73,118/81,Moderado
27,Segunda,82,72,102,124/78,139/86,Alto
27,Terça,56,48,76,133/90,146/97,Moderado
27,Quarta,81,70,87,110/79,129/89,Moderado
27,Quinta,70,59,76,121/79,136/90,Moderado
27,Sexta,102,87,110,124/79,147/88,Alto
27,Segunda,66,51,83,104/68,125/79,Baixo
27,Terça,63,53,76,99/75,122/81,Baixo
27,Quarta,110,103,115,122/70,143/81,Alto
27,Quinta,61,48,67,117/73,133/81,Moderado
27,Sexta,56,45,67,123/72,143/80,Moderado
28,Segunda,64,57,79,128/81,142/87,Moderado
28,Terça,101,90,116,100/83,117/89,Moderado
28,Quarta,83,73,93,125/90,143/102,Alto
28,Quinta,98,83,105,134/77,151/84,Alto
28,Sexta,86,78,97,118/92,133/99,Moderado
28,Segunda,61,56,71,130/64,147/75,Moderado
28,Terça,62,53,68,114/62,134/72,Moderado
28,Quarta,58,43,78,123/77,135/85,Moderado
28,Quinta,90,84,106,111/70,135/78,Alto
28,Sexta,110,105,115,111/79,134/85,Alto
29,Segunda,85,71,103,120/77,136/85,Moderado
29,Terça,63,51,74,116/88,131/97,Moderado
29,Quarta,110,104,128,127/65,144/74,Alto
29,Quinta,60,50,76,121/75,143/83,Moderado
29,Sexta,92,80,102,105/76,128/86,Moderado
29,Segunda,60,53,71,98/75,117/85,Baixo
29,Terça,65,59,78,130/75,143/84,Moderado
29,Quarta,67,55,73,125/74,149/79,Alto
29,Quinta,69,63,87,118/74,134/82,Moderado
29,Sexta,61,50,74,110/91,125/102,Baixo
30,Segunda,76,70,89,133/82,149/89,Alto
30,Terça,75,65,88,119/74,142/81,Moderado
30,Quarta,107,98,127,104/63,119/72,Moderado
30,Quinta,78,67,87,127/64,150/72,Alto
30,Sexta,86,73,98,99/89,118/97,Moderado
30,Segunda,91,77,98,99/64,116/70,Moderado
30,Terça,65,56,71,122/68,139/75,Moderado
30,Quarta,102,89,110,113/88,131/96,Alto
30,Quinta,88,79,94,128/81,140/90,Alto
30,Sexta,92,85,106,106/71,120/79,Moderado
31,Segunda,77,72,91,118/66,131/75,Moderado
31,Terça,90,84,107,112/78,126/85,Moderado
31,Quarta,98,84,103,104/76,128/85,Moderado
31,Quinta,102,93,107,121/76,131/87,Alto
31,Sexta,88,75,96,104/91,120/98,Moderado
31,Segunda,82,68,93,96/91,120/101,Moderado
31,Terça,55,48,69,100/71,121/81,Baixo
31,Quarta,79,66,94,122/82,138/94,Moderado
31,Quinta,65,54,73,117/80,132/91,Moderado
31,Sexta,84,69,95,110/65,133/73,Moderado
32,Segunda,93,88,113,117/80,135/88,Alto
32,Terça,109,98,127,116/68,134/77,Alto
32,Quarta,109,101,128,98/64,115/71,Moderado
32,Quinta,56,44,70,118/90,130/99,Baixo
32,Sexta,72,57,77,121/76,135/82,Moderado
32,Segunda,85,71,104,102/88,123/98,Moderado
32,Terça,86,81,93,129/69,148/81,Alto
32,Quarta,102,94,117,131/76,148/87,Alto
32,Quinta,109,96,121,130/91,151/99,Alto
32,Sexta,70,60,88,107/78,126/88,Moderado
33,Segunda,93,83,104,134/83,154/88,Alto
33,Terça,85,75,98,120/81,141/90,Alto
33,Quarta,72,66,79,117/61,136/70,Moderado
33,Quinta,80,67,90,106/85,128/94,Moderado
33,Sexta,100,90,115,132/76,147/82,Alto
33,Segunda,100,89,109,105/74,119/84,Moderado
33,Terça,103,95,108,100/93,122/101,Moderado
33,Quarta,86,76,104,134/73,152/81,Alto
33,Quinta,89,80,104,101/86,117/94,Moderado
33,Sexta,93,78,105,130/89,153/96,Alto
34,Segunda,56,49,63,118/88,136/95,Moderado
34,Terça,104,98,122,125/79,140/85,Alto
34,Quarta,95,90,100,114/66,126/73,Moderado
34,Quinta,72,62,78,105/66,122/73,Baixo
34,Sexta,107,94,122,107/72,118/79,Moderado
34,Segunda,61,54,79,135/88,148/97,Moderado
34,Terça,108,101,123,130/93,144/99,Alto
34,Quarta,73,64,85,126/74,144/84,Alto
34,Quinta,94,88,101,127/66,139/75,Alto
34,Sexta,99,88,110,126/66,149/74,Alto
35,Segunda,107,93,127,98/68,116/79,Moderado
35,Terça,88,75,93,116/65,135/74,Moderado
35,Quarta,101,96,106,109/64,123/72,Moderado
35,Quinta,97,82,116,131/93,152/98,Alto
35,Sexta,110,105,120,113/64,131/75,Alto
35,Segunda,77,66,85,106/64,126/73,Moderado
35,Terça,95,82,109,118/89,133/96,Alto
35,Quarta,57,49,66,128/80,142/89,Moderado
35,Quinta,74,66,87,103/82,119/91,Baixo
35,Sexta,92,82,110,109/63,128/69,Moderado
36,Segunda,75,64,91,117/82,133/89,Moderado
36,Terça,84,70,93,99/63,122/74,Moderado
36,Quarta,101,88,107,128/86,146/94,Alto
36,Quinta,110,98,127,131/61,147/72,Alto
36,Sexta,102,88,110,112/70,127/77,Moderado
36,Segunda,91,85,108,103/75,121/86,Moderado
36,Terça,86,76,96,108/81,128/87,Moderado
36,Quarta,67,58,72,132/84,150/93,Alto
36,Quinta,81,72,94,120/66,145/74,Alto
36,Sexta,85,79,94,113/90,131/95,Moderado
37,Segunda,102,94,117,111/60,130/70,Alto
37,Terça,79,66,88,122/85,139/93,Moderado
37,Quarta,61,46,79,125/90,145/95,Moderado
37,Quinta,94,86,112,103/69,122/79,Moderado
37,Sexta,86,72,101,120/80,142/91,Alto
37,Segunda,57,45,75,109/69,128/76,Baixo
37,Terça,94,79,100,103/75,118/86,Moderado
37,Quarta,78,66,90,130/73,154/84,Alto
37,Quinta,90,82,101,119/89,137/95,Alto
37,Sexta,97,91,103,96/62,114/73,Moderado
38,Segunda,106,96,125,110/80,127/89,Alto
38,Terça,73,67,78,121/66,137/76,Moderado
38,Quarta,85,80,103,103/76,119/88,Moderado
38,Quinta,68,60,88,103/76,116/87,Baixo
38,Sexta,85,70,94,116/86,137/92,Moderado
38,Segunda,89,84,109,116/86,133/93,Moderado
38,Terça,62,51,76,111/89,127/94,Baixo
38,Quarta,99,88,108,111/71,130/82,Alto
38,Quinta,101,96,119,126/68,144/80,Alto
38,Sexta,106,95,112,117/80,133/87,Alto
39,Segunda,87,77,92,124/80,147/87,Alto
39,Terça,90,83,104,120/70,139/77,Alto
39,Quarta,64,58,77,99/91,111/96,Baixo
39,Quinta,92,77,97,98/67,118/72,Moderado
39,Sexta,92,81,106,124/63,139/73,Alto
39,Segunda,91,78,105,122/71,135/80,Alto
39,Terça,81,71,98,128/73,144/81,Alto
39,Quarta,105,90,122,123/81,141/88,Alto
39,Quinta,78,69,98,99/66,123/77,Moderado
39,Sexta,56,41,72,116/87,137/96,Moderado
40,Segunda,88,75,103,109/76,124/86,Moderado
40,Terça,108,93,117,124/63,148/71,Alto
40,Quarta,97,92,103,126/62,148/68,Alto
40,Quinta,62,52,68,113/88,123/96,Baixo
40,Sexta,69,60,87,123/62,137/70,Moderado
40,Segunda,95,81,108,123/80,136/89,Alto
40,Terça,75,68,93,123/68,136/76,Moderado
40,Quarta,93,78,98,120/74,140/84,Alto
40,Quinta,65,52,73,95/91,111/97,Baixo
40,Sexta,101,89,108,116/80,128/89,Moderado
41,Segunda,80,68,91,130/69,151/79,Alto
41,Terça,87,76,106,126/75,148/82,Alto
41,Quarta,61,51,80,130/81,144/92,Moderado
41,Quinta,98,89,104,103/82,119/91,Moderado
41,Sexta,102,90,110,100/87,115/95,Moderado
41,Segunda,87,73,98,104/82,122/94,Moderado
41,Terça,70,59,86,107/78,126/88,Moderado
41,Quarta,75,70,89,119/81,132/90,Moderado
41,Quinta,106,94,112,99/66,114/77,Moderado
41,Sexta,75,63,95,123/62,143/71,Alto
42,Segunda,72,58,87,124/83,146/94,Alto
42,Terça,57,45,62,124/74,141/80,Moderado
42,Quarta,91,86,101,131/84,150/93,Alto
42,Quinta,73,63,83,112/67,134/76,Moderado
42,Sexta,69,64,79,112/65,132/74,Moderado
42,Segunda,81,74,98,99/71,116/79,Baixo
42,Terça,85,78,91,116/82,139/90,Alto
42,Quarta,86,77,98,130/74,143/83,Alto
42,Quinta,81,67,90,101/63,119/70,Baixo
42,Sexta,80,68,86,114/73,134/82,Moderado
43,Segunda,66,58,80,104/78,126/86,Baixo
43,Terça,62,54,78,122/71,141/82,Moderado
43,Quarta,107,101,126,122/91,133/98,Alto
43,Quinta,70,61,82,111/68,126/76,Moderado
43,Sexta,90,85,101,106/62,118/71,Moderado
43,Segunda,89,74,106,97/67,114/76,Baixo
43,Terça,89,80,99,111/61,128/70,Moderado
43,Quarta,94,89,104,130/68,153/76,Alto
43,Quinta,90,84,100,105/70,117/79,Moderado
43,Sexta,88,77,93,102/63,125/72,Moderado
44,Segunda,71,58,80,121/69,139/74,Moderado
44,Terça,86,73,99,128/90,152/99,Alto
44,Quarta,80,74,90,117/64,130/73,Moderado
44,Quinta,67,56,79,126/75,140/81,Moderado
44,Sexta,65,56,82,129/88,146/98,Moderado
44,Segunda,65,60,74,108/88,131/95,Moderado
44,Terça,91,77,101,108/70,131/80,Moderado
44,Quarta,73,68,86,128/72,138/84,Moderado
44,Quinta,61,49,79,125/62,147/68,Moderado
44,Sexta,70,59,86,133/70,154/76,Alto
45,Segunda,59,45,77,105/62,128/71,Baixo
45,Terça,90,75,95,106/69,125/76,Moderado
45,Quarta,62,51,80,124/78,145/88,Moderado
45,Quinta,57,44,76,127/69,146/79,Moderado
45,Sexta,97,87,117,120/81,139/91,Alto
45,Segunda,64,54,80,97/88,116/98,Baixo
45,Terça,55,47,75,114/90,134/97,Moderado
45,Quarta,85,70,99,109/63,131/75,Moderado
45,Quinta,99,91,119,112/81,131/90,Alto
45,Sexta,71,66,85,97/64,113/71,Baixo
46,Segunda,87,76,100,118/75,140/85,Alto
46,Terça,108,100,117,128/72,142/78,Alto
46,Quarta,99,87,113,106/83,127/92,Moderado
46,Quinta,61,50,76,127/84,146/92,Moderado
46,Sexta,85,80,92,126/83,140/93,Alto
46,Segunda,65,57,85,104/74,121/84,Baixo
46,Terça,81,72,90,119/68,133/75,Moderado
46,Quarta,75,61,94,120/78,138/87,Moderado
46,Quinta,95,89,106,120/66,142/74,Alto
46,Sexta,108,101,117,132/66,151/78,Alto
47,Segunda,58,48,65,115/89,137/96,Moderado
47,Terça,78,67,96,120/89,138/98,Moderado
47,Quarta,56,42,70,129/91,147/101,Moderado
47,Quinta,103,91,110,111/67,128/76,Moderado
47,Sexta,56,45,74,117/81,131/87,Baixo
47,Segunda,99,92,107,103/81,119/86,Moderado
47,Terça,103,90,121,112/89,128/97,Moderado
47,Quarta,69,55,76,110/73,123/85,Baixo
47,Quinta,94,87,107,110/72,129/80,Moderado
47,Sexta,79,74,90,121/77,137/88,Moderado
48,Segunda,105,92,120,120/77,141/89,Alto
48,Terça,66,54,72,101/93,113/98,Baixo
48,Quarta,55,44,60,105/84,117/93,Baixo
48,Quinta,58,45,67,108/79,126/88,Baixo
48,Sexta,71,58,85,123/77,136/82,Moderado
48,Segunda,95,86,107,109/89,124/97,Moderado
48,Terça,69,54,75,112/75,133/85,Moderado
48,Quarta,84,74,95,116/90,138/96,Alto
48,Quinta,79,70,95,126/66,147/74,Alto
48,Sexta,60,48,79,104/87,116/96,Baixo
49,Segunda,81,69,91,129/92,146/100,Alto
49,Terça,101,90,110,104/85,120/92,Moderado
49,Quarta,78,68,89,99/87,114/95,Baixo
49,Quinta,88,77,108,128/87,141/94,Alto
49,Sexta,56,42,70,126/88,144/98,Moderado
49,Segunda,58,50,76,112/90,128/99,Baixo
49,Terça,58,50,72,104/77,127/85,Baixo
49,Quarta,84,79,99,109/64,128/70,Moderado
49,Quinta,64,59,75,133/76,145/86,Moderado
49,Sexta,101,86,120,123/82,136/90,Alto
50,Segunda,85,75,100,111/77,126/86,Moderado
50,Terça,55,42,74,105/80,123/88,Baixo
50,Quarta,96,82,101,124/76,140/86,Alto
50,Quinta,61,53,68,108/77,128/88,Baixo
50,Sexta,73,58,83,126/80,145/87,Alto
50,Segunda,62,53,82,104/71,122/79,Baixo
50,Terça,80,75,85,125/79,141/86,Alto
50,Quarta,110,97,124,100/64,118/73,Moderado
50,Quinta,60,47,66,133/81,147/91,Moderado
50,Sexta,59,52,66,113/84,132/89,Moderado
51,Segunda,66,54,79,106/84,122/94,Baixo
51,Terça,63,58,81,112/83,123/91,Baixo
51,Quarta,108,95,122,108/60,122/68,Moderado
51,Quinta,80,69,88,113/67,129/77,Moderado
51,Sexta,80,69,95,122/87,135/96,Moderado
51,Segunda,56,46,74,105/81,128/89,Baixo
51,Terça,106,96,111,110/86,128/97,Alto
51,Quarta,107,100,122,122/75,140/84,Alto
51,Quinta,69,59,79,97/64,116/73,Baixo
51,Sexta,98,88,114,111/62,128/74,Moderado
52,Segunda,96,89,116,104/64,119/70,Moderado
52,Terça,58,49,76,111/87,132/93,Moderado
52,Quarta,108,98,124,98/62,118/69,Moderado
52,Quinta,82,73,102,112/60,131/71,Moderado
52,Sexta,109,99,117,116/66,139/74,Alto
52,Segunda,95,85,106,102/67,124/75,Moderado
52,Terça,63,53,68,132/84,142/95,Moderado
52,Quarta,106,91,116,106/72,127/79,Alto
52,Quinta,59,49,75,111/76,127/81,Baixo
52,Sexta,59,48,73,114/86,139/94,Moderado
53,Segunda,101,91,120,110/90,126/96,Moderado
53,Terça,68,55,88,135/74,152/83,Alto
53,Quarta,55,46,61,117/79,132/85,Moderado
53,Quinta,90,80,107,107/67,127/76,Moderado
53,Sexta,59,50,66,119/68,140/73,Moderado
53,Segunda,88,74,105,121/86,141/94,Alto
53,Terça,67,54,79,116/83,136/93,Moderado
53,Quarta,108,99,113,123/84,145/94,Alto
53,Quinta,74,64,82,116/61,136/70,Moderado
53,Sexta,97,86,114,132/93,153/102,Alto
54,Segunda,85,79,100,114/91,132/100,Moderado
54,Terça,66,60,73,100/73,121/79,Baixo
54,Quarta,83,68,102,115/93,128/101,Moderado
54,Quinta,60,49,66,121/93,142/100,Moderado
54,Sexta,96,81,110,108/80,124/88,Moderado
54,Segunda,72,58,84,130/89,152/94,Alto
54,Terça,92,82,100,130/84,142/95,Alto
54,Quarta,93,78,104,110/89,131/100,Moderado
54,Quinta,108,99,120,112/63,132/71,Alto
54,Sexta,70,59,75,130/64,149/71,Alto
55,Segunda,82,68,93,99/84,118/96,Baixo
55,Terça,98,86,103,114/73,126/81,Moderado
55,Quarta,92,83,110,98/67,121/74,Moderado
55,Quinta,98,83,113,134/67,144/77,Alto
55,Sexta,73,61,91,104/80,121/89,Baixo
55,Segunda,79,71,94,124/88,139/99,Moderado
55,Terça,63,58,74,105/75,123/85,Baixo
55,Quarta,79,67,95,105/86,118/91,Baixo
55,Quinta,99,84,105,110/67,128/78,Moderado
55,Sexta,92,77,112,114/74,134/80,Alto
56,Segunda,89,82,107,110/75,128/83,Moderado
56,Terça,59,47,76,107/70,131/80,Moderado
56,Quarta,70,63,82,107/75,118/83,Baixo
56,Quinta,96,87,115,127/61,140/68,Alto
56,Sexta,60,48,65,100/90,114/99,Baixo
56,Segunda,80,68,86,128/84,145/93,Alto
56,Terça,75,70,91,127/82,143/92,Alto
56,Quarta,101,96,116,123/66,142/78,Alto
56,Quinta,86,78,102,106/88,117/99,Moderado
56,Sexta,66,55,83,128/86,142/94,Moderado
57,Segunda,83,72,103,130/82,143/88,Alto
57,Terça,75,65,84,107/92,123/98,Moderado
57,Quarta,77,66,94,123/82,139/91,Moderado
57,Quinta,99,88,104,104/78,120/83,Moderado
57,Sexta,55,44,66,108/90,124/102,Baixo
57,Segunda,97,87,113,119/86,137/91,Alto
57,Terça,104,94,111,129/80,149/88,Alto
57,Quarta,69,60,77,98/65,115/73,Baixo
57,Quinta,70,63,77,103/80,124/85,Baixo
57,Sexta,77,66,91,100/76,123/87,Moderado
58,Segunda,97,84,102,107/73,130/79,Moderado
58,Terça,66,60,73,110/82,126/91,Baixo
58,Quarta,74,65,91,112/89,128/96,Moderado
58,Quinta,103,90,119,121/65,136/77,Alto
58,Sexta,97,85,111,130/64,141/71,Alto
58,Segunda,64,50,81,125/67,149/77,Alto
58,Terça,63,57,68,98/62,116/69,Baixo
58,Quarta,92,82,112,106/65,119/73,Moderado
58,Quinta,59,53,69,100/77,121/83,Baixo
58,Sexta,92,78,105,104/81,122/90,Moderado
59,Segunda,104,97,116,126/70,140/78,Alto
59,Terça,93,84,110,133/84,148/89,Alto
59,Quarta,60,50,70,130/71,144/81,Moderado
59,Quinta,64,59,79,105/76,130/85,Moderado
59,Sexta,60,49,73,120/80,135/89,Moderado
59,Segunda,71,58,91,105/70,122/79,Baixo
59,Terça,67,55,77,130/81,146/92,Moderado
59,Quarta,90,81,106,124/86,144/95,Alto
59,Quinta,76,64,93,109/87,122/96,Moderado
59,Sexta,76,68,84,113/88,135/95,Moderado
60,Segunda,84,79,97,126/91,144/102,Alto
60,Terça,85,76,95,118/91,137/100,Moderado
60,Quarta,56,50,64,126/64,143/74,Moderado
60,Quinta,66,56,72,113/84,135/93,Moderado
60,Sexta,77,62,94,101/89,119/97,Baixo
60,Segunda,74,63,89,126/91,145/98,Alto
60,Terça,81,66,88,132/65,145/72,Alto
60,Quarta,92,81,103,119/64,134/72,Alto
60,Quinta,93,87,101,127/65,143/75,Alto
60,Sexta,82,74,99,106/71,119/78,Moderado
61,Segunda,91,81,103,126/90,145/99,Alto
61,Terça,66,52,86,115/86,137/96,Moderado
61,Quarta,94,84,100,109/93,125/100,Moderado
61,Quinta,60,50,65,105/88,122/98,Baixo
61,Sexta,65,54,77,104/82,119/91,Baixo
61,Segunda,78,72,96,119/86,141/92,Alto
61,Terça,96,84,105,124/82,143/91,Alto
61,Quarta,58,53,69,117/71,137/80,Moderado
61,Quinta,87,79,100,125/76,139/85,Alto
61,Sexta,74,67,82,111/73,126/81,Moderado
62,Segunda,110,99,117,128/70,147/75,Alto
62,Terça,57,45,75,99/84,123/90,Baixo
62,Quarta,105,94,125,110/68,125/77,Moderado
62,Quinta,57,46,77,133/66,147/72,Moderado
62,Sexta,64,56,77,108/85,129/96,Moderado
62,Segunda,84,78,103,102/92,117/99,Baixo
62,Terça,55,48,71,106/75,122/83,Baixo
62,Quarta,59,51,79,116/89,132/96,Moderado
62,Quinta,102,87,110,130/84,153/92,Alto
62,Sexta,68,55,75,127/90,147/98,Alto
63,Segunda,71,66,78,130/74,154/81,Alto
63,Terça,90,83,109,119/84,140/94,Alto
63,Quarta,55,50,68,108/78,127/86,Baixo
63,Quinta,100,95,112,118/81,141/88,Alto
63,Sexta,100,88,105,125/64,147/75,Alto
63,Segunda,78,67,85,100/68,112/79,Baixo
63,Terça,66,56,76,104/70,125/81,Baixo
63,Quarta,70,60,90,103/64,122/73,Baixo
63,Quinta,102,91,114,124/71,140/79,Alto
63,Sexta,64,57,73,116/87,134/94,Moderado
64,Segunda,73,62,85,127/61,148/73,Alto
64,Terça,104,89,123,107/92,127/98,Moderado
64,Quarta,66,53,82,100/65,119/71,Baixo
64,Quinta,68,61,87,131/78,147/83,Alto
64,Sexta,93,88,104,131/71,149/78,Alto
64,Segunda,61,49,74,110/88,132/97,Moderado
64,Terça,85,74,96,103/90,118/101,Moderado
64,Quarta,104,93,117,130/77,152/85,Alto
64,Quinta,79,68,97,107/90,120/96,Baixo
64,Sexta,96,90,114,113/69,135/79,Alto
65,Segunda,70,61,82,109/90,125/98,Moderado
65,Terça,96,90,114,128/78,149/88,Alto
65,Quarta,59,53,79,126/87,140/96,Moderado
65,Quinta,98,85,108,100/67,116/76,Moderado
65,Sexta,103,91,111,116/75,134/82,Alto
65,Segunda,79,67,90,132/65,148/75,Alto
65,Terça,60,54,67,101/77,125/84,Baixo
65,Quarta,94,83,102,114/77,135/89,Alto
65,Quinta,61,50,80,128/68,138/75,Moderado
65,Sexta,59,52,70,124/64,136/74,Moderado
66,Segunda,89,78,106,120/87,145/96,Alto
66,Terça,92,78,105,122/67,143/76,Alto
66,Quarta,109,97,118,103/64,127/74,Alto
66,Quinta,93,79,110,108/67,131/74,Moderado
66,Sexta,59,47,64,98/79,122/87,Baixo
66,Segunda,94,83,104,111/90,128/101,Moderado
66,Terça,103,98,111,123/81,145/91,Alto
66,Quarta,81,66,98,126/67,139/72,Alto
66,Quinta,85,77,95,101/77,120/83,Moderado
66,Sexta,83,69,93,107/62,128/69,Moderado
67,Segunda,96,82,115,123/86,136/94,Alto
67,Terça,100,86,109,101/90,120/100,Moderado
67,Quarta,88,73,100,133/71,152/79,Alto
67,Quinta,108,101,118,126/74,141/81,Alto
67,Sexta,74,59,88,100/63,115/68,Baixo
67,Segunda,78,67,98,104/70,116/80,Baixo
67,Terça,58,53,67,113/78,133/88,Moderado
67,Quarta,76,70,96,107/73,128/81,Moderado
67,Quinta,87,82,105,133/62,152/72,Alto
67,Sexta,61,56,69,120/86,136/92,Moderado
68,Segunda,74,69,85,110/76,133/87,Moderado
68,Terça,90,80,110,134/76,153/87,Alto
68,Quarta,66,57,83,111/68,129/79,Moderado
68,Quinta,110,97,116,131/71,146/81,Alto
68,Sexta,93,84,109,123/81,147/91,Alto
68,Segunda,69,64,86,101/70,121/81,Baixo
68,Terça,65,51,85,120/69,136/77,Moderado
68,Quarta,65,55,74,112/75,126/87,Moderado
68,Quinta,76,67,82,106/71,125/81,Moderado
68,Sexta,82,71,88,129/68,146/75,Alto
69,Segunda,101,92,107,115/71,135/82,Alto
69,Terça,83,75,100,113/78,127/86,Moderado
69,Quarta,106,98,126,103/68,124/76,Moderado
69,Quinta,61,53,80,112/69,130/80,Moderado
69,Sexta,57,52,62,119/67,135/75,Moderado
69,Segunda,92,81,98,127/87,146/97,Alto
69,Terça,74,60,92,122/75,137/82,Moderado
69,Quarta,100,91,120,124/77,134/85,Alto
69,Quinta,59,52,75,116/63,133/71,Moderado
69,Sexta,89,83,98,127/63,141/75,Alto
70,Segunda,72,60,77,134/70,149/79,Alto
70,Terça,102,89,122,106/79,122/89,Moderado
70,Quarta,90,81,106,130/92,150/100,Alto
70,Quinta,96,90,107,117/68,134/78,Alto
70,Sexta,74,65,85,106/80,123/88,Moderado
70,Segunda,93,88,103,123/73,139/83,Alto
70,Terça,89,79,105,103/84,113/94,Baixo
70,Quarta,81,72,93,99/79,113/86,Baixo
70,Quinta,56,42,74,130/89,147/98,Moderado
70,Sexta,57,48,67,113/82,129/92,Baixo
71,Segunda,106,92,115,117/82,140/90,Alto
71,Terça,77,63,84,117/62,138/71,Moderado
71,Quarta,92,85,100,110/88,124/94,Moderado
71,Quinta,56,42,71,125/64,139/74,Moderado
71,Sexta,84,70,91,115/62,134/70,Moderado
71,Segunda,109,97,122,130/72,144/83,Alto
71,Terça,101,96,118,116/85,127/93,Moderado
71,Quarta,94,81,102,111/67,132/75,Alto
71,Quinta,110,99,126,129/85,144/95,Alto
71,Sexta,56,51,70,127/91,145/100,Moderado
72,Segunda,79,64,97,104/83,122/91,Moderado
72,Terça,84,75,98,118/70,136/77,Moderado
72,Quarta,72,58,89,100/66,116/72,Baixo
72,Quinta,86,74,100,109/80,129/86,Moderado
72,Sexta,96,91,108,118/70,138/77,Alto
72,Segunda,105,100,123,131/87,149/96,Alto
72,Terça,87,76,98,113/72,133/78,Moderado
72,Quarta,63,49,83,100/69,124/77,Baixo
72,Quinta,81,71,92,105/89,118/98,Baixo
72,Sexta,82,68,94,126/65,147/76,Alto
73,Segunda,73,68,83,117/71,135/80,Moderado
73,Terça,68,59,73,128/69,143/78,Moderado
73,Quarta,84,76,89,106/62,118/71,Moderado
73,Quinta,106,93,126,130/66,147/73,Alto
73,Sexta,73,62,79,117/92,141/98,Moderado
73,Segunda,70,61,83,111/84,122/93,Baixo
73,Terça,67,62,83,106/89,122/96,Baixo
73,Quarta,74,65,88,129/67,151/75,Alto
73,Quinta,110,98,121,108/82,127/90,Alto
73,Sexta,69,60,86,115/83,131/90,Moderado
74,Segunda,67,60,84,130/71,145/82,Moderado
74,Terça,97,84,109,109/85,134/94,Alto
74,Quarta,64,50,83,109/66,123/76,Baixo
74,Quinta,103,98,110,134/67,152/74,Alto
74,Sexta,88,81,108,117/85,138/92,Alto
74,Segunda,102,93,122,104/82,128/93,Moderado
74,Terça,63,53,71,100/92,121/100,Baixo
74,Quarta,88,80,102,113/90,130/95,Moderado
74,Quinta,57,49,71,99/82,116/89,Baixo
74,Sexta,76,67,89,102/85,126/90,Moderado
75,Segunda,96,81,115,116/66,135/72,Alto
75,Terça,91,76,106,128/77,143/89,Alto
75,Quarta,90,80,109,110/65,134/73,Alto
75,Quinta,83,77,94,119/84,142/94,Alto
75,Sexta,81,66,94,131/67,148/77,Alto
75,Segunda,90,78,101,112/76,128/87,Moderado
75,Terça,58,50,66,123/93,143/101,Moderado
75,Quarta,68,63,81,108/82,123/93,Baixo
75,Quinta,57,46,68,100/73,120/80,Baixo
75,Sexta,89,77,101,113/64,125/73,Moderado
76,Segunda,84,72,100,127/83,141/92,Alto
76,Terça,66,57,84,111/67,135/73,Moderado
76,Quarta,68,56,83,108/89,121/94,Baixo
76,Quinta,83,69,92,118/75,133/85,Moderado
76,Sexta,87,82,100,98/77,115/88,Baixo
76,Segunda,82,77,98,110/68,133/76,Moderado
76,Terça,98,86,114,101/64,126/73,Moderado
76,Quarta,110,96,123,125/89,142/100,Alto
76,Quinta,79,68,89,113/90,137/99,Moderado
76,Sexta,106,94,124,105/63,121/73,Moderado
77,Segunda,80,71,93,122/85,140/92,Alto
77,Terça,100,86,116,101/69,120/76,Moderado
77,Quarta,59,53,67,106/77,121/87,Baixo
77,Quinta,110,96,117,131/81,150/89,Alto
77,Sexta,81,66,93,130/64,144/75,Alto
77,Segunda,57,49,77,123/88,138/97,Moderado
77,Terça,93,83,107,118/85,137/95,Alto
77,Quarta,92,84,100,121/75,135/87,Alto
77,Quinta,95,85,101,119/86,140/94,Alto
77,Sexta,97,85,113,116/81,141/86,Alto
78,Segunda,96,84,110,126/79,142/86,Alto
78,Terça,60,45,68,128/89,146/99,Moderado
78,Quarta,79,69,97,102/84,122/95,Moderado
78,Quinta,91,85,102,124/67,142/77,Alto
78,Sexta,109,104,123,119/77,139/86,Alto
78,Segunda,101,94,120,131/63,149/71,Alto
78,Terça,90,79,95,107/67,119/75,Moderado
78,Quarta,102,87,115,120/86,141/95,Alto
78,Quinta,76,69,87,105/84,124/96,Moderado
78,Sexta,62,57,78,100/86,113/91,Baixo
79,Segunda,108,96,119,129/82,142/93,Alto
79,Terça,99,92,114,127/87,144/99,Alto
79,Quarta,75,67,93,114/76,131/86,Moderado
79,Quinta,56,48,65,103/69,116/76,Baixo
79,Sexta,74,62,79,131/82,148/88,Alto
79,Segunda,76,63,81,127/78,138/88,Moderado
79,Terça,61,49,78,110/90,129/98,Baixo
79,Quarta,100,93,120,130/76,150/84,Alto
79,Quinta,106,101,119,110/83,122/91,Moderado
79,Sexta,57,49,63,104/69,123/79,Baixo
80,Segunda,60,50,66,115/72,135/81,Moderado
80,Terça,104,91,124,122/69,139/77,Alto
80,Quarta,98,85,115,126/88,149/96,Alto
80,Quinta,68,57,77,114/89,139/98,Moderado
80,Sexta,87,75,94,99/80,117/86,Moderado
80,Segunda,59,46,73,110/65,126/72,Baixo
80,Terça,99,87,108,108/71,126/82,Moderado
80,Quarta,100,91,117,118/90,138/97,Alto
80,Quinta,71,58,89,113/81,123/90,Baixo
80,Sexta,73,66,78,116/75,137/86,Moderado
81,Segunda,67,61,87,100/75,112/81,Baixo
81,Terça,86,75,100,126/77,146/85,Alto
81,Quarta,99,93,104,119/82,137/91,Alto
81,Quinta,77,65,86,125/84,140/95,Moderado
81,Sexta,69,62,77,120/85,138/93,Moderado
81,Segunda,98,87,118,103/73,119/81,Moderado
81,Terça,68,53,80,131/90,145/98,Moderado
81,Quarta,73,66,87,129/69,144/77,Alto
81,Quinta,59,51,79,113/70,135/82,Moderado
81,Sexta,93,87,109,117/76,131/84,Moderado
82,Segunda,92,86,104,130/62,153/70,Alto
82,Terça,102,91,115,124/84,134/91,Alto
82,Quarta,73,62,93,106/74,117/82,Baixo
82,Quinta,56,47,73,112/77,127/84,Baixo
82,Sexta,78,63,98,124/87,139/99,Moderado
82,Segunda,81,71,94,109/75,123/84,Moderado
82,Terça,68,59,81,125/76,143/86,Moderado
82,Quarta,82,70,100,105/80,125/91,Moderado
82,Quinta,73,59,93,116/89,129/99,Moderado
82,Sexta,105,91,116,110/69,130/80,Alto
83,Segunda,82,70,95,107/78,118/87,Baixo
83,Terça,66,57,78,122/83,142/89,Moderado
83,Quarta,85,73,97,132/82,149/89,Alto
83,Quinta,107,100,125,130/76,151/85,Alto
83,Sexta,106,97,122,127/69,143/77,Alto
83,Segunda,81,71,93,132/70,145/80,Alto
83,Terça,91,82,100,114/80,126/86,Moderado
83,Quarta,100,93,114,115/84,126/96,Moderado
83,Quinta,107,94,117,123/78,146/87,Alto
83,Sexta,103,92,112,100/92,115/102,Moderado
84,Segunda,74,64,83,117/68,134/76,Moderado
84,Terça,97,86,113,120/62,134/73,Alto
84,Quarta,104,95,116,106/74,127/83,Alto
84,Quinta,101,87,110,107/71,131/81,Alto
84,Sexta,103,94,117,128/76,153/82,Alto
84,Segunda,94,88,105,109/63,124/72,Moderado
84,Terça,65,59,83,118/87,130/98,Moderado
84,Quarta,99,89,115,119/64,139/76,Alto
84,Quinta,87,72,92,124/67,144/77,Alto
84,Sexta,65,57,83,103/90,119/100,Baixo
85,Segunda,82,71,96,121/75,138/82,Moderado
85,Terça,67,52,82,124/66,144/71,Moderado
85,Quarta,67,58,82,102/69,121/81,Baixo
85,Quinta,72,62,90,129/70,144/78,Alto
85,Sexta,108,95,114,117/62,139/70,Alto
85,Segunda,68,57,75,100/72,115/81,Baixo
85,Terça,67,60,83,118/75,140/83,Moderado
85,Quarta,71,58,88,117/67,136/74,Moderado
85,Quinta,107,95,121,118/93,137/99,Alto
85,Sexta,84,79,100,127/80,138/87,Alto
86,Segunda,101,90,108,103/71,118/79,Moderado
86,Terça,71,57,81,105/78,121/89,Baixo
86,Quarta,84,71,93,113/76,129/88,Moderado
86,Quinta,78,63,87,104/77,121/89,Moderado
86,Sexta,62,47,82,123/82,133/89,Moderado
86,Segunda,69,62,77,124/66,141/74,Moderado
86,Terça,108,101,123,116/85,137/95,Alto
86,Quarta,82,68,97,129/69,144/80,Alto
86,Quinta,78,70,93,130/85,146/94,Alto
86,Sexta,57,51,66,115/87,130/94,Baixo
87,Segunda,75,64,93,125/74,138/81,Moderado
87,Terça,62,53,72,104/82,119/91,Baixo
87,Quarta,60,55,65,108/88,131/98,Moderado
87,Quinta,69,56,89,101/86,124/94,Baixo
87,Sexta,91,77,103,105/86,117/95,Moderado
87,Segunda,93,88,99,106/63,127/72,Moderado
87,Terça,84,73,99,121/88,143/97,Alto
87,Quarta,100,95,112,98/71,120/78,Moderado
87,Quinta,91,80,98,126/73,142/82,Alto
87,Sexta,91,83,100,121/71,137/82,Alto
88,Segunda,97,88,105,105/80,122/89,Moderado
88,Terça,105,97,119,106/75,127/82,Moderado
88,Quarta,93,85,99,112/76,129/84,Moderado
88,Quinta,81,69,100,112/70,136/78,Moderado
88,Sexta,78,64,98,108/78,123/88,Moderado
88,Segunda,87,73,92,126/62,142/73,Alto
88,Terça,59,52,68,123/90,141/98,Moderado
88,Quarta,79,73,97,109/89,123/96,Moderado
88,Quinta,73,61,93,124/72,140/82,Moderado
88,Sexta,99,84,117,122/69,142/77,Alto
89,Segunda,70,56,83,107/62,131/71,Moderado
89,Terça,61,51,72,100/81,115/87,Baixo
89,Quarta,104,90,121,123/76,142/88,Alto
89,Quinta,108,102,128,105/91,129/99,Alto
89,Sexta,57,46,69,129/65,144/73,Moderado
89,Segunda,77,62,96,100/89,115/100,Baixo
89,Terça,85,76,93,131/76,143/85,Alto
89,Quarta,81,67,93,111/68,136/80,Moderado
89,Quinta,71,59,83,125/72,147/81,Alto
89,Sexta,55,42,65,131/71,150/77,Moderado
90,Segunda,71,58,81,108/79,131/88,Moderado
90,Terça,96,83,110,122/81,132/88,Alto
90,Quarta,97,90,115,129/78,144/86,Alto
90,Quinta,98,87,106,108/73,128/80,Moderado
90,Sexta,73,68,87,107/79,123/89,Baixo
90,Segunda,82,68,101,130/71,144/79,Alto
90,Terça,80,69,90,118/75,140/81,Alto
90,Quarta,98,86,107,118/75,136/84,Alto
90,Quinta,87,77,104,116/85,135/94,Moderado
90,Sexta,92,85,112,126/62,151/71,Alto
91,Segunda,93,78,113,109/79,124/90,Moderado
91,Terça,96,82,102,118/85,130/94,Moderado
91,Quarta,97,84,109,130/66,153/73,Alto
91,Quinta,110,105,123,132/61,150/72,Alto
91,Sexta,91,80,103,105/91,124/102,Moderado
91,Segunda,88,83,105,103/83,117/90,Moderado
91,Terça,84,73,91,117/68,131/74,Moderado
91,Quarta,100,91,114,106/81,125/88,Moderado
91,Quinta,57,44,63,100/91,116/97,Baixo
91,Sexta,81,69,92,108/70,130/80,Moderado
92,Segunda,102,94,119,111/76,125/87,Moderado
92,Terça,66,60,74,123/63,140/73,Moderado
92,Quarta,62,47,68,106/64,119/71,Baixo
92,Quinta,63,53,75,113/64,129/71,Moderado
92,Sexta,77,71,86,115/80,128/89,Moderado
92,Segunda,72,65,77,107/65,127/73,Moderado
92,Terça,55,46,69,128/81,142/90,Moderado
92,Quarta,73,64,81,131/71,144/79,Alto
92,Quinta,56,48,71,101/81,120/90,Baixo
92,Sexta,68,60,81,114/64,125/70,Baixo
93,Segunda,69,56,75,130/86,144/94,Moderado
93,Terça,59,45,77,129/82,146/91,Moderado
93,Quarta,86,76,103,119/88,136/97,Alto
93,Quinta,106,98,113,117/89,129/96,Alto
93,Sexta,75,67,91,129/72,144/80,Alto
93,Segunda,66,60,74,125/72,142/79,Moderado
93,Terça,79,74,98,112/89,125/96,Moderado
93,Quarta,95,89,107,127/73,138/82,Alto
93,Quinta,87,73,97,105/87,120/94,Moderado
93,Sexta,108,100,127,106/79,117/85,Moderado
94,Segunda,57,51,69,97/75,113/81,Baixo
94,Terça,76,64,83,113/79,134/88,Moderado
94,Quarta,94,89,114,130/84,146/90,Alto
94,Quinta,60,48,75,129/82,143/89,Moderado
94,Sexta,102,97,115,108/88,124/96,Moderado
94,Segunda,110,102,121,101/63,120/74,Moderado
94,Terça,62,47,81,111/64,131/72,Moderado
94,Quarta,102,95,114,105/73,122/79,Moderado
94,Quinta,75,60,88,100/76,122/83,Baixo
94,Sexta,81,76,98,112/80,134/89,Moderado
95,Segunda,94,87,113,121/88,142/98,Alto
95,Terça,67,62,80,110/83,123/89,Baixo
95,Quarta,103,91,119,112/92,131/100,Alto
95,Quinta,90,85,95,127/83,147/89,Alto
95,Sexta,85,74,98,123/62,144/72,Alto
95,Segunda,64,55,78,102/79,117/88,Baixo
95,Terça,94,82,114,121/73,138/81,Alto
95,Quarta,60,54,80,126/74,139/81,Moderado
95,Quinta,73,67,81,112/69,127/80,Moderado
95,Sexta,107,101,122,119/88,136/93,Alto
96,Segunda,91,86,108,114/68,134/75,Moderado
96,Terça,92,79,108,95/68,118/80,Moderado
96,Quarta,85,75,98,133/72,150/82,Alto
96,Quinta,110,102,129,96/89,115/96,Moderado
96,Sexta,97,85,117,124/92,143/100,Alto
96,Segunda,106,92,112,114/67,128/74,Alto
96,Terça,65,53,78,99/88,115/95,Baixo
96,Quarta,67,60,74,101/74,119/81,Baixo
96,Quinta,79,70,94,134/70,150/80,Alto
96,Sexta,76,63,91,127/87,145/94,Alto
97,Segunda,106,101,125,108/90,124/99,Moderado
97,Terça,61,51,69,125/80,140/87,Moderado
97,Quarta,105,100,116,100/71,118/77,Moderado
97,Quinta,105,100,113,120/76,138/87,Alto
97,Sexta,68,61,74,98/72,122/80,Baixo
97,Segunda,86,81,103,109/87,129/95,Moderado
97,Terça,59,44,73,120/76,136/85,Moderado
97,Quarta,107,96,121,124/87,141/96,Alto
97,Quinta,78,63,83,129/68,151/75,Alto
97,Sexta,97,87,102,128/70,150/80,Alto
98,Segunda,60,50,80,100/78,122/88,Baixo
98,Terça,95,82,100,116/88,138/98,Alto
98,Quarta,92,78,97,119/87,135/96,Alto
98,Quinta,110,102,128,108/81,124/89,Moderado
98,Sexta,61,52,77,112/65,131/71,Moderado
98,Segunda,68,54,83,123/66,139/74,Moderado
98,Terça,57,48,75,119/75,142/83,Moderado
98,Quarta,93,78,113,103/74,120/82,Moderado
98,Quinta,109,97,118,110/64,124/71,Moderado
98,Sexta,99,90,112,122/83,144/92,Alto
99,Segunda,70,58,81,101/67,125/76,Moderado
99,Terça,108,99,115,97/78,121/89,Moderado
99,Quarta,95,87,106,111/79,127/84,Moderado
99,Quinta,100,86,112,98/88,113/95,Moderado
99,Sexta,89,75,109,123/71,137/77,Alto
99,Segunda,63,51,75,105/74,121/82,Baixo
99,Terça,100,87,118,116/72,139/79,Alto
99,Quarta,74,59,79,121/60,143/70,Alto
99,Quinta,86,79,92,98/81,123/89,Moderado
99,Sexta,67,58,73,126/70,141/77,Moderado
100,Segunda,109,97,115,107/71,125/80,Moderado
100,Terça,63,49,83,111/89,128/97,Baixo
100,Quarta,55,42,72,125/79,147/87,Moderado
100,Quinta,89,83,108,116/72,133/81,Moderado
100,Sexta,70,60,80,120/88,137/97,Moderado
100,Segunda,73,65,86,122/60,141/71,Moderado
100,Terça,95,81,114,96/74,120/83,Moderado
100,Quarta,100,94,117,103/84,120/93,Moderado
100,Quinta,108,103,116,128/83,146/93,Alto
100,Sexta,57,45,76,123/63,144/72,Moderado
